{
	"groups": [
		{
			"keys": "checkbox_select_disabled_png,checkbox_select_down_png,checkbox_select_up_png,checkbox_unselect_png,selected_png,border_png,header_png,radiobutton_select_disabled_png,radiobutton_select_down_png,radiobutton_select_up_png,radiobutton_unselect_png,roundthumb_png,thumb_png,track_png,tracklight_png,handle_png,off_png,on_png,button_down_png,button_up_png,thumb_pb_png,track_pb_png,track_sb_png,egret_icon_png,description_json,scene1bg_jpg,scene1center_png,scene1foot_png,scene1start_png,huanhuan_ske_json,scene2age_png,scene2age18-25_png,scene2age18_png,scene2age25-35_png,scene2age35s_png,scene2bailing_png,scene2bg_jpg,scene2boot_png,scene2fgx_png,scene2man_png,scene2qita_png,scene2sex_png,scene2start_png,scene2wumen_png,scene2xuesheng_png,scene2zhy_png,scene2ziyou_png,scene2boot2_png,scene3Btn2_png,scene3Btn3_png,scene3Btn4_png,scene3Btn1_png,scene3boot_png,sceneGameBtn3_png,sceneGameBtn4_png,sceneGameBtn1_png,sceneGameBtn2_png,sceneGameTjiao_png,sceneGameBoot1_png,sceneGameBoot4_png,sceneGameBoot5_png,sceneGameBoot2_png,sceneGameBoot3_png,sceneGameLeftTiao3_png,sceneGameLeftTiao4_png,sceneGameLeftTiao5_png,sceneGameLeftTiao1_png,sceneGameLeftTiao2_png,rePlay_png,loading_png,scene2bailing_a_png,scene2man_a_png,scene2qita_a_png,scene2wumen_a_png,scene2xuesheng_a_png,scene2ziyou_a_png,scene2age18_a_png,scene2age18-25_a_png,scene2age25-35_a_png,scene2age35s_a_png,scene3Btn6_png,scene3Btn5_png,sceneGameLeftTiao6_png,sceneGameBoot6_png,huanhuan_tex_0_json,huanhuan_tex_0_png,huanhuan_tex_1_json,huanhuan_tex_1_png,huanhuan_tex_2_json,huanhuan_tex_2_png",
			"name": "preload"
		}
	],
	"resources": [
		{
			"url": "assets/CheckBox/checkbox_select_disabled.png",
			"type": "image",
			"name": "checkbox_select_disabled_png"
		},
		{
			"url": "assets/CheckBox/checkbox_select_down.png",
			"type": "image",
			"name": "checkbox_select_down_png"
		},
		{
			"url": "assets/CheckBox/checkbox_select_up.png",
			"type": "image",
			"name": "checkbox_select_up_png"
		},
		{
			"url": "assets/CheckBox/checkbox_unselect.png",
			"type": "image",
			"name": "checkbox_unselect_png"
		},
		{
			"url": "assets/ItemRenderer/selected.png",
			"type": "image",
			"name": "selected_png"
		},
		{
			"url": "assets/Panel/border.png",
			"type": "image",
			"name": "border_png"
		},
		{
			"url": "assets/Panel/header.png",
			"type": "image",
			"name": "header_png"
		},
		{
			"url": "assets/RadioButton/radiobutton_select_disabled.png",
			"type": "image",
			"name": "radiobutton_select_disabled_png"
		},
		{
			"url": "assets/RadioButton/radiobutton_select_down.png",
			"type": "image",
			"name": "radiobutton_select_down_png"
		},
		{
			"url": "assets/RadioButton/radiobutton_select_up.png",
			"type": "image",
			"name": "radiobutton_select_up_png"
		},
		{
			"url": "assets/RadioButton/radiobutton_unselect.png",
			"type": "image",
			"name": "radiobutton_unselect_png"
		},
		{
			"url": "assets/ScrollBar/roundthumb.png",
			"type": "image",
			"name": "roundthumb_png"
		},
		{
			"url": "assets/Slider/thumb.png",
			"type": "image",
			"name": "thumb_png"
		},
		{
			"url": "assets/Slider/track.png",
			"type": "image",
			"name": "track_png"
		},
		{
			"url": "assets/Slider/tracklight.png",
			"type": "image",
			"name": "tracklight_png"
		},
		{
			"url": "assets/ToggleSwitch/handle.png",
			"type": "image",
			"name": "handle_png"
		},
		{
			"url": "assets/ToggleSwitch/off.png",
			"type": "image",
			"name": "off_png"
		},
		{
			"url": "assets/ToggleSwitch/on.png",
			"type": "image",
			"name": "on_png"
		},
		{
			"url": "assets/Button/button_down.png",
			"type": "image",
			"name": "button_down_png"
		},
		{
			"url": "assets/Button/button_up.png",
			"type": "image",
			"name": "button_up_png"
		},
		{
			"url": "assets/ProgressBar/thumb_pb.png",
			"type": "image",
			"name": "thumb_pb_png"
		},
		{
			"url": "assets/ProgressBar/track_pb.png",
			"type": "image",
			"name": "track_pb_png"
		},
		{
			"url": "assets/ScrollBar/track_sb.png",
			"type": "image",
			"name": "track_sb_png"
		},
		{
			"url": "assets/bg.jpg",
			"type": "image",
			"name": "bg_jpg"
		},
		{
			"url": "assets/egret_icon.png",
			"type": "image",
			"name": "egret_icon_png"
		},
		{
			"url": "config/description.json",
			"type": "json",
			"name": "description_json"
		},
		{
			"url": "assets/scene1/scene1bg.jpg",
			"type": "image",
			"name": "scene1bg_jpg"
		},
		{
			"url": "assets/scene1/scene1center.png",
			"type": "image",
			"name": "scene1center_png"
		},
		{
			"url": "assets/scene1/scene1foot.png",
			"type": "image",
			"name": "scene1foot_png"
		},
		{
			"url": "assets/scene1/scene1start.png",
			"type": "image",
			"name": "scene1start_png"
		},
		{
			"url": "assets/scene2/guge1/huanhuan_ske.json",
			"type": "json",
			"name": "huanhuan_ske_json"
		},
		{
			"url": "assets/scene2/scene2age.png",
			"type": "image",
			"name": "scene2age_png"
		},
		{
			"url": "assets/scene2/scene2age18-25.png",
			"type": "image",
			"name": "scene2age18-25_png"
		},
		{
			"url": "assets/scene2/scene2age18.png",
			"type": "image",
			"name": "scene2age18_png"
		},
		{
			"url": "assets/scene2/scene2age25-35.png",
			"type": "image",
			"name": "scene2age25-35_png"
		},
		{
			"url": "assets/scene2/scene2age35s.png",
			"type": "image",
			"name": "scene2age35s_png"
		},
		{
			"url": "assets/scene2/scene2bailing.png",
			"type": "image",
			"name": "scene2bailing_png"
		},
		{
			"url": "assets/scene2/scene2bg.jpg",
			"type": "image",
			"name": "scene2bg_jpg"
		},
		{
			"url": "assets/scene2/scene2boot.png",
			"type": "image",
			"name": "scene2boot_png"
		},
		{
			"url": "assets/scene2/scene2fgx.png",
			"type": "image",
			"name": "scene2fgx_png"
		},
		{
			"url": "assets/scene2/scene2man.png",
			"type": "image",
			"name": "scene2man_png"
		},
		{
			"url": "assets/scene2/scene2qita.png",
			"type": "image",
			"name": "scene2qita_png"
		},
		{
			"url": "assets/scene2/scene2sex.png",
			"type": "image",
			"name": "scene2sex_png"
		},
		{
			"url": "assets/scene2/scene2start.png",
			"type": "image",
			"name": "scene2start_png"
		},
		{
			"url": "assets/scene2/scene2wumen.png",
			"type": "image",
			"name": "scene2wumen_png"
		},
		{
			"url": "assets/scene2/scene2xuesheng.png",
			"type": "image",
			"name": "scene2xuesheng_png"
		},
		{
			"url": "assets/scene2/scene2zhy.png",
			"type": "image",
			"name": "scene2zhy_png"
		},
		{
			"url": "assets/scene2/scene2ziyou.png",
			"type": "image",
			"name": "scene2ziyou_png"
		},
		{
			"url": "assets/scene2/scene2boot2.png",
			"type": "image",
			"name": "scene2boot2_png"
		},
		{
			"url": "assets/scene3/scene3Btn2.png",
			"type": "image",
			"name": "scene3Btn2_png"
		},
		{
			"url": "assets/scene3/scene3Btn3.png",
			"type": "image",
			"name": "scene3Btn3_png"
		},
		{
			"url": "assets/scene3/scene3Btn4.png",
			"type": "image",
			"name": "scene3Btn4_png"
		},
		{
			"url": "assets/scene3/scene3Btn1.png",
			"type": "image",
			"name": "scene3Btn1_png"
		},
		{
			"url": "assets/scene3/scene3boot.png",
			"type": "image",
			"name": "scene3boot_png"
		},
		{
			"url": "assets/sceneGame/sceneGameBtn3.png",
			"type": "image",
			"name": "sceneGameBtn3_png"
		},
		{
			"url": "assets/sceneGame/sceneGameBtn4.png",
			"type": "image",
			"name": "sceneGameBtn4_png"
		},
		{
			"url": "assets/sceneGame/sceneGameBtn1.png",
			"type": "image",
			"name": "sceneGameBtn1_png"
		},
		{
			"url": "assets/sceneGame/sceneGameBtn2.png",
			"type": "image",
			"name": "sceneGameBtn2_png"
		},
		{
			"url": "assets/sceneGame/sceneGameTjiao.png",
			"type": "image",
			"name": "sceneGameTjiao_png"
		},
		{
			"name": "sceneGameBoot1_png",
			"type": "image",
			"url": "assets/sceneGame/sceneGameBoot1.png"
		},
		{
			"name": "sceneGameBoot4_png",
			"type": "image",
			"url": "assets/sceneGame/sceneGameBoot4.png"
		},
		{
			"name": "sceneGameBoot5_png",
			"type": "image",
			"url": "assets/sceneGame/sceneGameBoot5.png"
		},
		{
			"name": "sceneGameBoot2_png",
			"type": "image",
			"url": "assets/sceneGame/sceneGameBoot2.png"
		},
		{
			"name": "sceneGameBoot3_png",
			"type": "image",
			"url": "assets/sceneGame/sceneGameBoot3.png"
		},
		{
			"name": "sceneGameLeftTiao3_png",
			"type": "image",
			"url": "assets/sceneGame/sceneGameLeftTiao3.png"
		},
		{
			"name": "sceneGameLeftTiao4_png",
			"type": "image",
			"url": "assets/sceneGame/sceneGameLeftTiao4.png"
		},
		{
			"name": "sceneGameLeftTiao5_png",
			"type": "image",
			"url": "assets/sceneGame/sceneGameLeftTiao5.png"
		},
		{
			"name": "sceneGameLeftTiao1_png",
			"type": "image",
			"url": "assets/sceneGame/sceneGameLeftTiao1.png"
		},
		{
			"name": "sceneGameLeftTiao2_png",
			"type": "image",
			"url": "assets/sceneGame/sceneGameLeftTiao2.png"
		},
		{
			"name": "rePlay_png",
			"type": "image",
			"url": "assets/sceneGame/html/rePlay.png"
		},
		{
			"name": "loading_png",
			"type": "image",
			"url": "assets/loading.png"
		},
		{
			"name": "scene2bailing_a_png",
			"type": "image",
			"url": "assets/scene2/scene2bailing_a.png"
		},
		{
			"name": "scene2man_a_png",
			"type": "image",
			"url": "assets/scene2/scene2man_a.png"
		},
		{
			"name": "scene2qita_a_png",
			"type": "image",
			"url": "assets/scene2/scene2qita_a.png"
		},
		{
			"name": "scene2wumen_a_png",
			"type": "image",
			"url": "assets/scene2/scene2wumen_a.png"
		},
		{
			"name": "scene2xuesheng_a_png",
			"type": "image",
			"url": "assets/scene2/scene2xuesheng_a.png"
		},
		{
			"name": "scene2ziyou_a_png",
			"type": "image",
			"url": "assets/scene2/scene2ziyou_a.png"
		},
		{
			"name": "scene2age18_a_png",
			"type": "image",
			"url": "assets/scene2/scene2age18_a.png"
		},
		{
			"name": "scene2age18-25_a_png",
			"type": "image",
			"url": "assets/scene2/scene2age18-25_a.png"
		},
		{
			"name": "scene2age25-35_a_png",
			"type": "image",
			"url": "assets/scene2/scene2age25-35_a.png"
		},
		{
			"name": "scene2age35s_a_png",
			"type": "image",
			"url": "assets/scene2/scene2age35s_a.png"
		},
		{
			"name": "scene3Btn6_png",
			"type": "image",
			"url": "assets/scene3/scene3Btn6.png"
		},
		{
			"name": "scene3Btn5_png",
			"type": "image",
			"url": "assets/scene3/scene3Btn5.png"
		},
		{
			"name": "sceneGameLeftTiao6_png",
			"type": "image",
			"url": "assets/sceneGame/sceneGameLeftTiao6.png"
		},
		{
			"name": "sceneGameBoot6_png",
			"type": "image",
			"url": "assets/sceneGame/sceneGameBoot6.png"
		},
		{
			"name": "huanhuan_tex_0_json",
			"type": "json",
			"url": "assets/scene2/guge1/huanhuan_tex_0.json"
		},
		{
			"name": "huanhuan_tex_0_png",
			"type": "image",
			"url": "assets/scene2/guge1/huanhuan_tex_0.png"
		},
		{
			"name": "huanhuan_tex_1_json",
			"type": "json",
			"url": "assets/scene2/guge1/huanhuan_tex_1.json"
		},
		{
			"name": "huanhuan_tex_1_png",
			"type": "image",
			"url": "assets/scene2/guge1/huanhuan_tex_1.png"
		},
		{
			"name": "huanhuan_tex_2_json",
			"type": "json",
			"url": "assets/scene2/guge1/huanhuan_tex_2.json"
		},
		{
			"name": "huanhuan_tex_2_png",
			"type": "image",
			"url": "assets/scene2/guge1/huanhuan_tex_2.png"
		}
	]
}