{
  "engineVersion": "5.2.29",
  "compilerVersion": "5.2.29",
  "template": {},
  "target": {
    "current": "web"
  },
  "modules": [
    {
      "name": "egret"
    },
    {
      "name": "eui"
    },
    {
      "name": "assetsmanager"
    },
    {
      "name": "dragonBones"
    },
    {
      "name": "game"
    },
    {
      "name": "tween"
    },
    {
      "name": "promise"
    },
    {
      "name": "WXCloudApi",
      "path": "./libs/WXCloudApi"
    },
    {
      "name": "egretmgobe",
      "path": "./libs/egretmgobe"
    }
  ]
}
