{"width":2048,"imagePath":"huanhuan_tex_1.png","height":2048,"name":"huanhuan","SubTexture":[{"y":658,"frameX":-32,"frameHeight":694,"frameY":-23,"width":128,"frameWidth":200,"height":654,"name":"shoulbt","x":1636},{"y":2,"frameX":-32,"frameHeight":694,"frameY":-21,"width":128,"frameWidth":200,"height":654,"name":"ershibt","x":1896},{"width":750,"y":2,"height":1485,"name":"renwu3/renwu3","x":754},{"y":658,"frameX":-31,"frameHeight":700,"frameY":-33,"width":128,"frameWidth":193,"height":654,"name":"renwu3/esbt1","x":1896},{"y":2,"frameX":-28,"frameHeight":700,"frameY":-33,"width":128,"frameWidth":193,"height":654,"name":"renwu3/xlbt1","x":1506},{"y":1314,"frameX":-28,"frameHeight":700,"frameY":-33,"width":128,"frameWidth":193,"height":654,"name":"renwu3/jzbt1","x":1766},{"width":128,"y":1314,"height":654,"name":"耳饰42","x":1896},{"width":128,"y":658,"height":654,"name":"项链43","x":1506},{"width":128,"y":1314,"height":654,"name":"戒指44","x":1506},{"width":750,"y":2,"height":1520,"name":"组 48","x":2},{"width":128,"y":2,"height":654,"name":"手链1111","x":1636},{"width":128,"y":658,"height":654,"name":"耳饰1111","x":1766},{"width":128,"y":1314,"height":654,"name":"dfgdsgdsfgdfghfgjhghjg","x":1636},{"width":128,"y":2,"height":654,"name":"gdghgkjhj戒指","x":1766}]}