{"width":2048,"imagePath":"huanhuan_tex_0.png","height":2048,"name":"huanhuan","SubTexture":[{"width":141,"y":1525,"height":191,"name":"手链","x":754},{"width":141,"y":1628,"height":191,"name":"耳饰","x":145},{"width":141,"y":1628,"height":191,"name":"项链","x":288},{"width":141,"y":1628,"height":191,"name":"戒指","x":2},{"width":150,"y":1628,"height":167,"name":"xiangl1","x":561},{"width":135,"y":1821,"height":161,"name":"xiangl","x":263},{"y":1735,"frameX":-13,"frameHeight":50,"frameY":-19,"width":22,"frameWidth":50,"height":17,"name":"jz5","x":1358},{"width":124,"y":658,"height":169,"name":"xiangl3","x":1920},{"width":128,"y":1628,"height":199,"name":"xiangl4","x":431},{"width":140,"y":1821,"height":166,"name":"xiangl5","x":2},{"y":1766,"frameX":0,"frameHeight":24,"frameY":0,"width":7,"frameWidth":13,"height":24,"name":"ershi1","x":841},{"width":7,"y":1854,"height":10,"name":"ershi2","x":551},{"width":9,"y":1839,"height":12,"name":"ershi3","x":1249},{"width":12,"y":1839,"height":13,"name":"ershi4","x":1223},{"width":9,"y":1525,"height":29,"name":"ershi5","x":1495},{"y":1878,"frameX":-14,"frameHeight":50,"frameY":-11,"width":19,"frameWidth":50,"height":23,"name":"jz1","x":884},{"y":531,"frameX":-17,"frameHeight":50,"frameY":-16,"width":19,"frameWidth":50,"height":22,"name":"jz2","x":2023},{"y":579,"frameX":-13,"frameHeight":50,"frameY":-18,"width":22,"frameWidth":50,"height":19,"name":"jz3","x":2023},{"y":1697,"frameX":-17,"frameHeight":50,"frameY":-17,"width":19,"frameWidth":50,"height":19,"name":"jz4","x":1360},{"y":1565,"frameX":-17,"frameHeight":86,"frameY":-24,"width":65,"frameWidth":98,"height":36,"name":"shoul1","x":1356},{"y":1584,"frameX":-16,"frameHeight":86,"frameY":-20,"width":63,"frameWidth":98,"height":40,"name":"shoul3","x":1291},{"y":1797,"frameX":-14,"frameHeight":86,"frameY":-18,"width":65,"frameWidth":98,"height":46,"name":"shoul4","x":1018},{"y":1525,"frameX":-16,"frameHeight":86,"frameY":-27,"width":66,"frameWidth":98,"height":34,"name":"shoul5","x":1392},{"y":1525,"frameX":-14,"frameHeight":86,"frameY":-20,"width":65,"frameWidth":98,"height":38,"name":"shoul2","x":1325},{"y":658,"frameX":-32,"frameHeight":694,"frameY":-23,"width":152,"frameWidth":200,"height":654,"name":"xianglbt","x":1506},{"y":658,"frameX":-32,"frameHeight":694,"frameY":-22,"width":128,"frameWidth":200,"height":654,"name":"jiezhibt","x":1660},{"y":1906,"frameX":-121,"frameHeight":136,"frameY":0,"width":85,"frameWidth":323,"height":127,"name":"renwu3/xl01","x":781},{"y":1797,"frameX":-123,"frameHeight":136,"frameY":-3,"width":82,"frameWidth":323,"height":109,"name":"renwu3/xl02","x":1388},{"y":2015,"frameX":-151,"frameHeight":136,"frameY":-58,"width":28,"frameWidth":323,"height":31,"name":"renwu3/jz05","x":1027},{"y":1906,"frameX":-121,"frameHeight":136,"frameY":0,"width":82,"frameWidth":323,"height":136,"name":"renwu3/xl03","x":494},{"y":1906,"frameX":-119,"frameHeight":136,"frameY":-2,"width":86,"frameWidth":323,"height":124,"name":"renwu3/xl04","x":868},{"y":1195,"frameX":-100,"frameHeight":136,"frameY":-1,"width":107,"frameWidth":323,"height":112,"name":"renwu3/xl05","x":1920},{"y":1993,"frameX":-66,"frameHeight":136,"frameY":-45,"width":211,"frameWidth":323,"height":35,"name":"renwu3/e01","x":1388},{"y":2009,"frameX":-68,"frameHeight":136,"frameY":-48,"width":190,"frameWidth":323,"height":35,"name":"renwu3/e02","x":139},{"y":1827,"frameX":-64,"frameHeight":136,"frameY":-40,"width":200,"frameWidth":323,"height":21,"name":"renwu3/e03","x":673},{"y":2020,"frameX":-70,"frameHeight":136,"frameY":-48,"width":186,"frameWidth":323,"height":26,"name":"renwu3/e04","x":578},{"y":2002,"frameX":-67,"frameHeight":136,"frameY":-44,"width":192,"frameWidth":323,"height":34,"name":"renwu3/e05","x":1057},{"y":1975,"frameX":-160,"frameHeight":136,"frameY":-62,"width":27,"frameWidth":323,"height":32,"name":"renwu3/jz01","x":1601},{"y":1628,"frameX":-153,"frameHeight":136,"frameY":-59,"width":23,"frameWidth":323,"height":29,"name":"renwu3/jz02","x":713},{"y":1797,"frameX":-155,"frameHeight":136,"frameY":-61,"width":24,"frameWidth":323,"height":26,"name":"renwu3/jz03","x":831},{"y":1525,"frameX":-151,"frameHeight":136,"frameY":-58,"width":33,"frameWidth":323,"height":34,"name":"renwu3/jz04","x":1460},{"y":1561,"frameX":-135,"frameHeight":136,"frameY":-58,"width":70,"frameWidth":323,"height":26,"name":"renwu3/sl01","x":1424},{"y":1662,"frameX":-135,"frameHeight":136,"frameY":-54,"width":67,"frameWidth":323,"height":33,"name":"renwu3/sl03","x":1355},{"y":1700,"frameX":-136,"frameHeight":136,"frameY":-53,"width":67,"frameWidth":323,"height":33,"name":"renwu3/sl04","x":1291},{"y":1603,"frameX":-136,"frameHeight":136,"frameY":-55,"width":67,"frameWidth":323,"height":30,"name":"renwu3/sl05","x":1364},{"y":2015,"frameX":-135,"frameHeight":136,"frameY":-55,"width":69,"frameWidth":323,"height":30,"name":"renwu3/sl02","x":956},{"width":128,"y":658,"height":654,"name":"手链41","x":1790},{"width":66,"y":1635,"height":17,"name":"a41","x":1364},{"width":59,"y":1766,"height":27,"name":"a42","x":713},{"width":65,"y":1766,"height":24,"name":"a43","x":774},{"width":62,"y":1877,"height":27,"name":"a44","x":1268},{"width":61,"y":1984,"height":22,"name":"a45","x":263},{"width":136,"y":1718,"height":46,"name":"b41","x":713},{"width":134,"y":1718,"height":45,"name":"b42","x":851},{"width":135,"y":2002,"height":43,"name":"b43","x":1251},{"width":135,"y":1989,"height":50,"name":"b45","x":2},{"width":17,"y":1867,"height":17,"name":"d41","x":541},{"width":24,"y":1877,"height":26,"name":"d42","x":1332},{"width":20,"y":1659,"height":30,"name":"d43","x":713},{"width":23,"y":508,"height":21,"name":"d44","x":2023},{"width":23,"y":1878,"height":19,"name":"d45","x":859},{"width":99,"y":1906,"height":107,"name":"c41","x":956},{"width":103,"y":1908,"height":83,"name":"c42","x":1388},{"width":110,"y":1797,"height":107,"name":"c43","x":561},{"width":98,"y":1906,"height":112,"name":"c44","x":681},{"width":98,"y":508,"height":131,"name":"c45","x":1923},{"width":140,"y":1970,"height":48,"name":"411rweter","x":1810},{"width":750,"y":2,"height":1521,"name":"组 40","x":754},{"width":110,"y":376,"height":130,"name":"1","x":1923},{"width":125,"y":1906,"height":77,"name":"2","x":1057},{"width":101,"y":1906,"height":94,"name":"3","x":1184},{"width":99,"y":1906,"height":94,"name":"4","x":1287},{"width":92,"y":1829,"height":123,"name":"5","x":400},{"width":66,"y":1797,"height":40,"name":"shoulia1","x":1223},{"width":67,"y":1854,"height":49,"name":"shoulia2","x":982},{"width":69,"y":1854,"height":47,"name":"shoulia3","x":1197},{"width":71,"y":1626,"height":34,"name":"shoulia4","x":1291},{"width":62,"y":1662,"height":36,"name":"shoulia5","x":1291},{"width":158,"y":1765,"height":30,"name":"jiezhiaasdf1","x":851},{"width":172,"y":1970,"height":68,"name":"jiezhiaasdf2","x":1636},{"width":158,"y":1766,"height":29,"name":"jiezhiaasdf3","x":1011},{"width":156,"y":1797,"height":28,"name":"jiezhiaasdf4","x":673},{"width":155,"y":1854,"height":22,"name":"jiezhiaasdf5","x":753},{"width":19,"y":600,"height":22,"name":"jiezhiasdf1","x":2023},{"width":15,"y":1797,"height":19,"name":"jiezhiasdf2","x":857},{"width":22,"y":2020,"height":26,"name":"jiezhiasdf3","x":1840},{"width":19,"y":555,"height":22,"name":"jiezhiasdf4","x":2023},{"width":18,"y":624,"height":21,"name":"jiezhiasdf5","x":2023},{"width":128,"y":1314,"height":659,"name":"项链1111","x":1506},{"width":750,"y":2,"height":1624,"name":"人物1","x":2},{"width":101,"y":1906,"height":109,"name":"x1","x":578},{"width":61,"y":1984,"height":60,"name":"x2","x":331},{"width":55,"y":1525,"height":57,"name":"x3","x":1268},{"width":45,"y":1829,"height":70,"name":"x4","x":494},{"width":78,"y":1850,"height":53,"name":"x5","x":673},{"width":27,"y":2009,"height":30,"name":"e5","x":1601},{"width":8,"y":1628,"height":56,"name":"e1","x":738},{"width":8,"y":1829,"height":36,"name":"e3","x":541},{"width":5,"y":1603,"height":17,"name":"e4","x":1356},{"width":24,"y":1878,"height":19,"name":"j1","x":806},{"width":26,"y":2020,"height":21,"name":"j2","x":1864},{"width":25,"y":1565,"height":17,"name":"j3","x":1325},{"width":25,"y":1878,"height":18,"name":"j4","x":832},{"width":28,"y":2020,"height":21,"name":"j5","x":1810},{"width":91,"y":1954,"height":79,"name":"s1","x":400},{"width":74,"y":1854,"height":44,"name":"s2","x":1121},{"width":68,"y":1854,"height":48,"name":"s3","x":1051},{"width":72,"y":1797,"height":55,"name":"s4","x":875},{"width":70,"y":1854,"height":47,"name":"s5","x":910},{"width":9,"y":1841,"height":10,"name":"aaaaaaaaaaaaaaaaaaaaaff","x":1155},{"width":128,"y":2,"height":654,"name":"shoulia","x":1663},{"width":1,"y":1697,"height":1,"name":"dfgfd","x":1355},{"width":128,"y":1314,"height":654,"name":"耳饰 拷贝","x":1766},{"width":155,"y":2,"height":654,"name":"sdfsdfds","x":1506},{"y":191,"frameX":-18,"frameHeight":210,"frameY":-15,"width":96,"frameWidth":150,"height":183,"name":"renwu5/a01","x":1923},{"y":1821,"frameX":-18,"frameHeight":210,"frameY":-15,"width":117,"frameWidth":150,"height":186,"name":"renwu5/a02","x":144},{"y":1878,"frameX":-27,"frameHeight":68,"frameY":-28,"width":24,"frameWidth":81,"height":19,"name":"renwu5/c05","x":780},{"y":1029,"frameX":-14,"frameHeight":210,"frameY":-22,"width":114,"frameWidth":150,"height":164,"name":"renwu5/a03","x":1920},{"y":2,"frameX":-15,"frameHeight":210,"frameY":-22,"width":96,"frameWidth":150,"height":187,"name":"renwu5/a04","x":1923},{"y":829,"frameX":-17,"frameHeight":210,"frameY":0,"width":97,"frameWidth":150,"height":198,"name":"renwu5/a05","x":1920},{"y":2020,"frameX":-37,"frameHeight":68,"frameY":-29,"width":13,"frameWidth":81,"height":13,"name":"renwu5/d01","x":766},{"y":1886,"frameX":-37,"frameHeight":68,"frameY":-29,"width":13,"frameWidth":81,"height":14,"name":"renwu5/d02","x":541},{"y":1686,"frameX":-38,"frameHeight":68,"frameY":-34,"width":10,"frameWidth":81,"height":23,"name":"renwu5/d03","x":741},{"y":1829,"frameX":-40,"frameHeight":68,"frameY":-33,"width":7,"frameWidth":81,"height":23,"name":"renwu5/d04","x":551},{"y":1839,"frameX":-38,"frameHeight":68,"frameY":-30,"width":10,"frameWidth":81,"height":11,"name":"renwu5/d05","x":1237},{"y":1691,"frameX":-26,"frameHeight":68,"frameY":-27,"width":26,"frameWidth":81,"height":23,"name":"renwu5/c01","x":713},{"y":2020,"frameX":-26,"frameHeight":68,"frameY":-27,"width":26,"frameWidth":81,"height":21,"name":"renwu5/c02","x":1892},{"y":2020,"frameX":-26,"frameHeight":68,"frameY":-28,"width":25,"frameWidth":81,"height":20,"name":"renwu5/c03","x":1920},{"y":1878,"frameX":-26,"frameHeight":68,"frameY":-28,"width":25,"frameWidth":81,"height":19,"name":"renwu5/c04","x":753},{"y":1970,"frameX":-43,"frameHeight":210,"frameY":-61,"width":80,"frameWidth":150,"height":68,"name":"renwu5/b01","x":1952},{"y":1797,"frameX":-48,"frameHeight":210,"frameY":-78,"width":66,"frameWidth":150,"height":42,"name":"renwu5/b03","x":1155},{"y":1797,"frameX":-50,"frameHeight":210,"frameY":-73,"width":68,"frameWidth":150,"height":43,"name":"renwu5/b04","x":1085},{"y":1797,"frameX":-47,"frameHeight":210,"frameY":-80,"width":67,"frameWidth":150,"height":46,"name":"renwu5/b05","x":949},{"y":1839,"frameX":-50,"frameHeight":210,"frameY":-71,"width":72,"frameWidth":150,"height":36,"name":"renwu5/b02","x":1268},{"width":128,"y":1314,"height":654,"name":"gdghgkjhj手链","x":1896},{"width":128,"y":2,"height":654,"name":"gdghgkjhj耳饰","x":1793},{"y":1314,"frameX":-34,"frameHeight":750,"frameY":-60,"width":128,"frameWidth":199,"height":654,"name":"renwu5/5bt4","x":1636}]}