{"frameRate":24,"name":"huanhuan","version":"5.5","compatibleVersion":"5.5","armature":[{"type":"Armature","frameRate":24,"name":"sc1Ybtn","aabb":{"x":-70.5,"y":-95.5,"width":141,"height":191},"bone":[{"name":"root"},{"name":"btn1","parent":"root"},{"name":"btn2","parent":"root"},{"name":"btn3","parent":"root"},{"name":"btn4","parent":"root"}],"slot":[{"name":"btn1","parent":"btn1"},{"name":"btn2","parent":"btn2"},{"name":"btn3","parent":"btn3"},{"name":"btn4","parent":"btn4"}],"skin":[{"slot":[{"name":"btn3","display":[{"name":"项链"}]},{"name":"btn4","display":[{"name":"戒指"}]},{"name":"btn1","display":[{"name":"手链"}]},{"name":"btn2","display":[{"name":"耳饰"}]}]}],"animation":[{"duration":0,"playTimes":0,"name":"newAnimation"}],"defaultActions":[{"gotoAndPlay":"newAnimation"}]},{"type":"Armature","frameRate":24,"name":"sc2Renwu1","aabb":{"x":-375,"y":-675.42,"width":750,"height":1345},"bone":[{"name":"root","transform":{"y":-2.92}},{"name":"xiangl1","parent":"root"},{"name":"xiangl2","parent":"root"},{"name":"xiangl3","parent":"root","transform":{"x":-1.56}},{"name":"xiangl4","parent":"root"},{"name":"xiangl5","parent":"root"},{"name":"ershi1","parent":"root"},{"name":"ershi2","parent":"root"},{"name":"ershi3","parent":"root"},{"name":"ershi5","parent":"root"},{"name":"shoul1","parent":"root"},{"name":"shoul2","parent":"root"},{"name":"shoul3","parent":"root"},{"name":"shoul4","parent":"root"},{"name":"shoul5","parent":"root"},{"name":"jiezhi1","parent":"root"},{"name":"jiezhi2","parent":"root"},{"name":"jiezhi3","parent":"root"},{"name":"jiezhi4","parent":"root"},{"name":"jiezhi5","parent":"root"},{"name":"ershi4","parent":"root"}],"slot":[{"name":"人物1","parent":"root"},{"name":"xiangl1","parent":"xiangl1"},{"name":"xiangl2","parent":"xiangl2"},{"name":"j5","parent":"jiezhi5"},{"name":"x3","parent":"xiangl3"},{"name":"x4","parent":"xiangl4"},{"name":"x5","parent":"xiangl5"},{"name":"ershi1","parent":"ershi1"},{"name":"e5","parent":"ershi2"},{"name":"e1","parent":"ershi3"},{"name":"e3","parent":"ershi4"},{"name":"e4","parent":"ershi5"},{"name":"j1","parent":"jiezhi1"},{"name":"j2","parent":"jiezhi2"},{"name":"j3","parent":"jiezhi3"},{"name":"j4","parent":"jiezhi4"},{"name":"shoul1","parent":"shoul1"},{"name":"shuol3","parent":"shoul3"},{"name":"shoul4","parent":"shoul4"},{"name":"shoul5","parent":"shoul5"},{"name":"shoul2","parent":"shoul2"}],"skin":[{"slot":[{"name":"shoul4","display":[{"name":"s4","transform":{"x":195.24,"y":-286.41},"path":"shoul4"}]},{"name":"e4","display":[{"name":"e4","transform":{"x":26,"y":-489.65},"path":"ershi5"}]},{"name":"shoul2","display":[{"name":"s2","transform":{"x":196.19,"y":-285.86},"path":"shoul2"}]},{"name":"人物1","display":[{"name":"人物1","path":"人物2"}]},{"name":"j2","display":[{"name":"j2","transform":{"x":179.42,"y":-457.27},"path":"jz2"}]},{"name":"x5","display":[{"name":"x5","transform":{"x":83.32,"y":-387.71},"path":"xiangl5"}]},{"name":"j3","display":[{"name":"j3","transform":{"x":179.01,"y":-457.44},"path":"jz3"}]},{"name":"j5","display":[{"name":"j5","transform":{"x":180.16,"y":-457.38},"path":"jz5"}]},{"name":"e5","display":[{"name":"e5","transform":{"x":26.39,"y":-500.22},"path":"ershi2"}]},{"name":"shoul1","display":[{"name":"s1","transform":{"x":191.44,"y":-287.99},"path":"shoul1"}]},{"name":"shuol3","display":[{"name":"s3","transform":{"x":196.22,"y":-281.86},"path":"shoul3"}]},{"name":"e3","display":[{"name":"e3","transform":{"x":27.87,"y":-502.16},"path":"ershi4"}]},{"name":"shoul5","display":[{"name":"s5","transform":{"x":193.05,"y":-290.14},"path":"shoul5"}]},{"name":"j1","display":[{"name":"j1","transform":{"x":182.1,"y":-454.88},"path":"jz1"}]},{"name":"x4","display":[{"name":"x4","transform":{"x":80.38,"y":-379.08},"path":"xiangl4"}]},{"name":"xiangl1","display":[{"name":"x1","transform":{"x":87.16,"y":-396.89},"path":"xiangl1"}]},{"name":"xiangl2","display":[{"name":"x2","transform":{"x":86.54,"y":-389.49},"path":"xiangl"}]},{"name":"ershi1","display":[{"name":"e2","transform":{"x":28.96,"y":-492.37},"path":"ershi1"}]},{"name":"j4","display":[{"name":"j4","transform":{"x":178.16,"y":-456.51},"path":"jz4"}]},{"name":"x3","display":[{"name":"x3","transform":{"x":80.38,"y":-383.78},"path":"xiangl3"}]},{"name":"e1","display":[{"name":"e1","transform":{"x":27.49,"y":-500.4},"path":"ershi3"}]}]}],"animation":[{"duration":0,"playTimes":0,"name":"renwubg"}],"defaultActions":[{"gotoAndPlay":"renwubg"}]},{"type":"Armature","frameRate":24,"name":"sc2Ebtn_3","aabb":{"x":-34.45,"y":-19.27,"width":200,"height":694},"bone":[{"name":"root","transform":{"x":65.5457,"y":327.7251}},{"name":"btn4","parent":"root","transform":{"y":125.6087}},{"name":"btn5","parent":"root","transform":{"y":241.5902}},{"name":"btn3","parent":"root"},{"name":"btn2","parent":"root"},{"name":"btn1","parent":"root"}],"slot":[{"name":"btn1","parent":"btn1"},{"name":"btn2","parent":"btn2"},{"name":"btn3","parent":"btn3"},{"name":"btn4","parent":"btn4"},{"name":"btn5","parent":"btn5"},{"name":"耳饰 拷贝","parent":"root"}],"skin":[{"slot":[{"name":"耳饰 拷贝","display":[{"name":"耳饰 拷贝","path":"xianglbt"}]},{"name":"btn1","display":[{"type":"boundingBox","name":"btn1_boundingBox","subType":"polygon","vertices":[-50,-279.56,-50,-179.56,50,-179.56,50,-279.56]}]},{"name":"btn2","display":[{"type":"boundingBox","name":"btn2_boundingBox","subType":"polygon","vertices":[-50,-163.75,-50,-63.75,50,-63.75,50,-163.75]}]},{"name":"btn3","display":[{"type":"boundingBox","name":"btn3_boundingBox","subType":"polygon","vertices":[-50,-45.32,-50,54.68,50,54.68,50,-45.32]}]},{"name":"btn4","display":[{"type":"boundingBox","name":"btn3_boundingBox1","subType":"polygon","vertices":[-50,-53.37,-50,46.63,50,46.63,50,-53.37]}]},{"name":"btn5","display":[{"type":"boundingBox","name":"btn3_boundingBox11","subType":"polygon","vertices":[-50,-56.82,-50,43.18,50,43.18,50,-56.82]}]}]}],"animation":[{"duration":0,"playTimes":0,"name":"newAnimation"}],"defaultActions":[{"gotoAndPlay":"newAnimation"}]},{"type":"Armature","frameRate":24,"name":"sc2Ebtn_1","aabb":{"x":-34.45,"y":-19.27,"width":200,"height":694},"bone":[{"name":"root","transform":{"x":65.5457,"y":327.7251}},{"name":"btn4","parent":"root","transform":{"y":125.6087}},{"name":"btn5","parent":"root","transform":{"y":241.5902}},{"name":"btn3","parent":"root"},{"name":"btn2","parent":"root"},{"name":"btn1","parent":"root"}],"slot":[{"name":"shoulia","parent":"root"},{"name":"btn1","parent":"btn1"},{"name":"btn2","parent":"btn2"},{"name":"btn3","parent":"btn3"},{"name":"btn4","parent":"btn4"},{"name":"btn5","parent":"btn5"}],"skin":[{"slot":[{"name":"shoulia","display":[{"name":"shoulia","path":"shoulbt"}]},{"name":"btn1","display":[{"type":"boundingBox","name":"btn1_boundingBox","subType":"polygon","vertices":[-50,-285.31,-50,-185.31,50,-185.31,50,-285.31]}]},{"name":"btn2","display":[{"type":"boundingBox","name":"btn2_boundingBox","subType":"polygon","vertices":[-50,-163.75,-50,-63.75,50,-63.75,50,-163.75]}]},{"name":"btn3","display":[{"type":"boundingBox","name":"btn3_boundingBox","subType":"polygon","vertices":[-50,-47.62,-50,52.38,50,52.38,50,-47.62]}]},{"name":"btn4","display":[{"type":"boundingBox","name":"btn3_boundingBox1","subType":"polygon","vertices":[-50,-47.62,-50,52.38,50,52.38,50,-47.62]}]},{"name":"btn5","display":[{"type":"boundingBox","name":"btn3_boundingBox11","subType":"polygon","vertices":[-50,-47.62,-50,52.38,50,52.38,50,-47.62]}]}]}],"animation":[{"duration":0,"playTimes":0,"name":"newAnimation"}],"defaultActions":[{"gotoAndPlay":"newAnimation"}]},{"type":"Armature","frameRate":24,"name":"sc2Ebtn_4","aabb":{"x":-34.45,"y":-19.27,"width":200,"height":694},"bone":[{"name":"root","transform":{"x":65.5457,"y":327.7251}},{"name":"btn4","parent":"root","transform":{"y":125.6087}},{"name":"btn5","parent":"root","transform":{"y":241.5902}},{"name":"btn3","parent":"root"},{"name":"btn2","parent":"root"},{"name":"btn1","parent":"root"}],"slot":[{"name":"btn1","parent":"btn1"},{"name":"btn2","parent":"btn2"},{"name":"btn3","parent":"btn3"},{"name":"btn4","parent":"btn4"},{"name":"btn5","parent":"btn5"},{"name":"sdfsdfds","parent":"root"}],"skin":[{"slot":[{"name":"sdfsdfds","display":[{"name":"sdfsdfds","path":"jiezhibt"}]},{"name":"btn5","display":[{"type":"boundingBox","name":"btn3_boundingBox11","subType":"polygon","vertices":[-50,-55.67,-50,44.33,50,44.33,50,-55.67]}]},{"name":"btn2","display":[{"type":"boundingBox","name":"btn2_boundingBox","subType":"polygon","vertices":[-50,-163.75,-50,-63.75,50,-63.75,50,-163.75]}]},{"name":"btn3","display":[{"type":"boundingBox","name":"btn3_boundingBox","subType":"polygon","vertices":[-50,-47.62,-50,52.38,50,52.38,50,-47.62]}]},{"name":"btn4","display":[{"type":"boundingBox","name":"btn3_boundingBox1","subType":"polygon","vertices":[-50,-56.82,-50,43.18,50,43.18,50,-56.82]}]},{"name":"btn1","display":[{"type":"boundingBox","name":"btn1_boundingBox","subType":"polygon","vertices":[-50,-278.71,-50,-178.71,50,-178.71,50,-278.71]}]}]}],"animation":[{"duration":0,"playTimes":0,"name":"newAnimation"}],"defaultActions":[{"gotoAndPlay":"newAnimation"}]},{"type":"Armature","frameRate":24,"name":"sc2Ebtn_2","aabb":{"x":-34.45,"y":-19.27,"width":200,"height":694},"bone":[{"name":"root","transform":{"x":65.5457,"y":327.7251}},{"name":"btn4","parent":"root","transform":{"y":125.6087}},{"name":"btn5","parent":"root","transform":{"y":241.5902}},{"name":"btn3","parent":"root"},{"name":"btn2","parent":"root"},{"name":"btn1","parent":"root"}],"slot":[{"name":"shoulia","parent":"root"},{"name":"btn1","parent":"btn1"},{"name":"btn2","parent":"btn2"},{"name":"btn3","parent":"btn3"},{"name":"btn4","parent":"btn4"},{"name":"btn5","parent":"btn5"}],"skin":[{"slot":[{"name":"shoulia","display":[{"name":"shoulia","path":"ershibt"}]},{"name":"btn1","display":[{"type":"boundingBox","name":"btn1_boundingBox","subType":"polygon","vertices":[-50,-285.31,-50,-185.31,50,-185.31,50,-285.31]}]},{"name":"btn2","display":[{"type":"boundingBox","name":"btn2_boundingBox","subType":"polygon","vertices":[-50,-163.75,-50,-63.75,50,-63.75,50,-163.75]}]},{"name":"btn3","display":[{"type":"boundingBox","name":"btn3_boundingBox","subType":"polygon","vertices":[-50,-47.62,-50,52.38,50,52.38,50,-47.62]}]},{"name":"btn4","display":[{"type":"boundingBox","name":"btn3_boundingBox1","subType":"polygon","vertices":[-50,-47.62,-50,52.38,50,52.38,50,-47.62]}]},{"name":"btn5","display":[{"type":"boundingBox","name":"btn3_boundingBox11","subType":"polygon","vertices":[-50,-47.62,-50,52.38,50,52.38,50,-47.62]}]}]}],"animation":[{"duration":0,"playTimes":0,"name":"newAnimation"}],"defaultActions":[{"gotoAndPlay":"newAnimation"}]},{"type":"Armature","frameRate":24,"name":"sc3Renwu1","aabb":{"x":-375,"y":-675.34,"width":811.43,"height":1485},"bone":[{"name":"root","transform":{"y":67.16}},{"name":"xiangl1","parent":"root"},{"name":"xiangl2","parent":"root"},{"name":"xiangl3","parent":"root","transform":{"x":-1.56}},{"name":"xiangl4","parent":"root"},{"name":"xiangl5","parent":"root"},{"name":"ershi1","parent":"root"},{"name":"ershi2","parent":"root"},{"name":"ershi3","parent":"root"},{"name":"ershi5","parent":"root"},{"name":"shoul1","parent":"root"},{"name":"shoul2","parent":"root"},{"name":"shoul3","parent":"root"},{"name":"shoul4","parent":"root"},{"name":"shoul5","parent":"root"},{"name":"jiezhi1","parent":"root"},{"name":"jiezhi2","parent":"root"},{"name":"jiezhi3","parent":"root"},{"name":"jiezhi4","parent":"root"},{"name":"jiezhi5","parent":"root"},{"name":"ershi4","parent":"root"}],"slot":[{"name":"人物1","parent":"root"},{"name":"xiangl1","parent":"xiangl1"},{"name":"xiangl2","parent":"xiangl2"},{"name":"j5","parent":"jiezhi5"},{"name":"x3","parent":"xiangl3"},{"name":"x4","parent":"xiangl4"},{"name":"x5","parent":"xiangl5"},{"name":"ershi1","parent":"ershi1"},{"name":"e5","parent":"ershi2"},{"name":"e1","parent":"ershi3"},{"name":"e3","parent":"ershi4"},{"name":"e4","parent":"ershi5"},{"name":"j1","parent":"jiezhi1"},{"name":"j2","parent":"jiezhi2"},{"name":"j3","parent":"jiezhi3"},{"name":"j4","parent":"jiezhi4"},{"name":"shoul1","parent":"shoul1"},{"name":"shuol3","parent":"shoul3"},{"name":"shoul4","parent":"shoul4"},{"name":"shoul5","parent":"shoul5"},{"name":"shoul2","parent":"shoul2"}],"skin":[{"slot":[{"name":"xiangl1","display":[{"name":"x1","transform":{"x":87.16,"y":-257.52},"path":"renwu3/xl01"}]},{"name":"x5","display":[{"name":"x5","transform":{"x":84.75,"y":-261.98},"path":"renwu3/xl05"}]},{"name":"j5","display":[{"name":"j5","transform":{"x":268.84,"y":-296.3},"path":"renwu3/jz05"}]},{"name":"e5","display":[{"name":"e5","transform":{"x":72.6,"y":-462.17},"path":"renwu3/e02"}]},{"name":"x3","display":[{"name":"x3","transform":{"x":89.22,"y":-263.08},"path":"renwu3/xl03"}]},{"name":"x4","display":[{"name":"x4","transform":{"x":85.16,"y":-260.53},"path":"renwu3/xl04"}]},{"name":"j3","display":[{"name":"j3","transform":{"x":268.15,"y":-296.17},"path":"renwu3/jz03"}]},{"name":"shoul5","display":[{"name":"s5","transform":{"x":273.92,"y":-137.73},"path":"renwu3/sl05"}]},{"name":"shoul1","display":[{"name":"s1","transform":{"x":272.9,"y":-137.68},"path":"renwu3/sl01"}]},{"name":"e1","display":[{"name":"e1","transform":{"x":75.61,"y":-454.33},"path":"renwu3/e03"}]},{"name":"xiangl2","display":[{"name":"x2","transform":{"x":86.54,"y":-263.31},"path":"renwu3/xl02"}]},{"name":"e3","display":[{"name":"e3","transform":{"x":73.63,"y":-460.1},"path":"renwu3/e04"}]},{"name":"e4","display":[{"name":"e4","transform":{"x":72.61,"y":-459.11},"path":"renwu3/e05"}]},{"name":"人物1","display":[{"name":"人物1","path":"renwu3/renwu3"}]},{"name":"j1","display":[{"name":"j1","transform":{"x":262.15,"y":-296.53},"path":"renwu3/jz01"}]},{"name":"j2","display":[{"name":"j2","transform":{"x":266.67,"y":-295.39},"path":"renwu3/jz02"}]},{"name":"shuol3","display":[{"name":"s3","transform":{"x":274.93,"y":-141.72},"path":"renwu3/sl03"}]},{"name":"shoul4","display":[{"name":"s4","transform":{"x":272.75,"y":-136.85},"path":"renwu3/sl04"}]},{"name":"j4","display":[{"name":"j4","transform":{"x":266.66,"y":-297.66},"path":"renwu3/jz04"}]},{"name":"ershi1","display":[{"name":"e2","transform":{"x":73.02,"y":-459.32},"path":"renwu3/e01"}]},{"name":"shoul2","display":[{"name":"s2","transform":{"x":272.3,"y":-137.66},"path":"renwu3/sl02"}]}]}],"animation":[{"duration":0,"playTimes":0,"name":"renwubg"}],"defaultActions":[{"gotoAndPlay":"renwubg"}]},{"type":"Armature","frameRate":24,"name":"sc3Ebtn_1","aabb":{"x":-30.95,"y":-22.27,"width":193,"height":700},"bone":[{"name":"root","transform":{"x":65.5457,"y":327.7251}},{"name":"btn4","parent":"root","transform":{"y":125.6087}},{"name":"btn5","parent":"root","transform":{"y":241.5902}},{"name":"btn3","parent":"root"},{"name":"btn2","parent":"root"},{"name":"btn1","parent":"root"}],"slot":[{"name":"shoulia","parent":"root"},{"name":"btn1","parent":"btn1"},{"name":"btn2","parent":"btn2"},{"name":"btn3","parent":"btn3"},{"name":"btn4","parent":"btn4"},{"name":"btn5","parent":"btn5"}],"skin":[{"slot":[{"name":"shoulia","display":[{"name":"shoulia","path":"renwu3/slbt1"}]},{"name":"btn1","display":[{"type":"boundingBox","name":"btn1_boundingBox","subType":"polygon","vertices":[-50,-278.71,-50,-178.71,50,-178.71,50,-278.71]}]},{"name":"btn2","display":[{"type":"boundingBox","name":"btn2_boundingBox","subType":"polygon","vertices":[-50,-155.5,-50,-55.5,50,-55.5,50,-155.5]}]},{"name":"btn3","display":[{"type":"boundingBox","name":"btn3_boundingBox","subType":"polygon","vertices":[-50,-37.72,-50,62.28,50,62.28,50,-37.72]}]},{"name":"btn4","display":[{"type":"boundingBox","name":"btn3_boundingBox1","subType":"polygon","vertices":[-50,-45.97,-50,54.03,50,54.03,50,-45.97]}]},{"name":"btn5","display":[{"type":"boundingBox","name":"btn3_boundingBox11","subType":"polygon","vertices":[-50,-47.62,-50,52.38,50,52.38,50,-47.62]}]}]}],"animation":[{"duration":0,"playTimes":0,"name":"newAnimation"}],"defaultActions":[{"gotoAndPlay":"newAnimation"}]},{"type":"Armature","frameRate":24,"name":"sc3Ebtn_2","aabb":{"x":-30.95,"y":-22.27,"width":193,"height":700},"bone":[{"name":"root","transform":{"x":65.5457,"y":327.7251}},{"name":"btn4","parent":"root","transform":{"y":125.6087}},{"name":"btn5","parent":"root","transform":{"y":241.5902}},{"name":"btn3","parent":"root"},{"name":"btn2","parent":"root"},{"name":"btn1","parent":"root"}],"slot":[{"name":"shoulia","parent":"root"},{"name":"btn1","parent":"btn1"},{"name":"btn2","parent":"btn2"},{"name":"btn3","parent":"btn3"},{"name":"btn4","parent":"btn4"},{"name":"btn5","parent":"btn5"}],"skin":[{"slot":[{"name":"btn2","display":[{"type":"boundingBox","name":"btn2_boundingBox","subType":"polygon","vertices":[-50,-157.15,-50,-57.15,50,-57.15,50,-157.15]}]},{"name":"btn3","display":[{"type":"boundingBox","name":"btn3_boundingBox","subType":"polygon","vertices":[-50,-39.37,-50,60.63,50,60.63,50,-39.37]}]},{"name":"btn4","display":[{"type":"boundingBox","name":"btn3_boundingBox1","subType":"polygon","vertices":[-50,-47.62,-50,52.38,50,52.38,50,-47.62]}]},{"name":"btn5","display":[{"type":"boundingBox","name":"btn3_boundingBox11","subType":"polygon","vertices":[-50,-45.97,-50,54.03,50,54.03,50,-45.97]}]},{"name":"shoulia","display":[{"name":"shoulia","path":"renwu3/esbt1"}]},{"name":"btn1","display":[{"type":"boundingBox","name":"btn1_boundingBox","subType":"polygon","vertices":[-50,-273.76,-50,-173.76,50,-173.76,50,-273.76]}]}]}],"animation":[{"duration":0,"playTimes":0,"name":"newAnimation"}],"defaultActions":[{"gotoAndPlay":"newAnimation"}]},{"type":"Armature","frameRate":24,"name":"sc3Ebtn_3","aabb":{"x":-30.95,"y":-22.27,"width":193,"height":700},"bone":[{"name":"root","transform":{"x":65.5457,"y":327.7251}},{"name":"btn4","parent":"root","transform":{"y":125.6087}},{"name":"btn5","parent":"root","transform":{"y":241.5902}},{"name":"btn3","parent":"root"},{"name":"btn2","parent":"root"},{"name":"btn1","parent":"root"}],"slot":[{"name":"btn1","parent":"btn1"},{"name":"btn2","parent":"btn2"},{"name":"btn3","parent":"btn3"},{"name":"btn4","parent":"btn4"},{"name":"btn5","parent":"btn5"},{"name":"耳饰 拷贝","parent":"root"}],"skin":[{"slot":[{"name":"btn5","display":[{"type":"boundingBox","name":"btn3_boundingBox11","subType":"polygon","vertices":[-50,-50.22,-50,49.78,50,49.78,50,-50.22]}]},{"name":"耳饰 拷贝","display":[{"name":"耳饰 拷贝","path":"renwu3/xlbt1"}]},{"name":"btn1","display":[{"type":"boundingBox","name":"btn1_boundingBox","subType":"polygon","vertices":[-50,-269.66,-50,-169.66,50,-169.66,50,-269.66]}]},{"name":"btn2","display":[{"type":"boundingBox","name":"btn2_boundingBox","subType":"polygon","vertices":[-50,-153.85,-50,-53.85,50,-53.85,50,-153.85]}]},{"name":"btn3","display":[{"type":"boundingBox","name":"btn3_boundingBox","subType":"polygon","vertices":[-50,-37.07,-50,62.93,50,62.93,50,-37.07]}]},{"name":"btn4","display":[{"type":"boundingBox","name":"btn3_boundingBox1","subType":"polygon","vertices":[-50,-46.77,-50,53.23,50,53.23,50,-46.77]}]}]}],"animation":[{"duration":0,"playTimes":0,"name":"newAnimation"}],"defaultActions":[{"gotoAndPlay":"newAnimation"}]},{"type":"Armature","frameRate":24,"name":"sc3Ebtn_4","aabb":{"x":-30.95,"y":-22.27,"width":193,"height":700},"bone":[{"name":"root","transform":{"x":65.5457,"y":327.7251}},{"name":"btn4","parent":"root","transform":{"y":125.6087}},{"name":"btn5","parent":"root","transform":{"y":241.5902}},{"name":"btn3","parent":"root"},{"name":"btn2","parent":"root"},{"name":"btn1","parent":"root"}],"slot":[{"name":"btn1","parent":"btn1"},{"name":"btn2","parent":"btn2"},{"name":"btn3","parent":"btn3"},{"name":"btn4","parent":"btn4"},{"name":"btn5","parent":"btn5"},{"name":"sdfsdfds","parent":"root"}],"skin":[{"slot":[{"name":"btn1","display":[{"type":"boundingBox","name":"btn1_boundingBox","subType":"polygon","vertices":[-50,-272.11,-50,-172.11,50,-172.11,50,-272.11]}]},{"name":"btn2","display":[{"type":"boundingBox","name":"btn2_boundingBox","subType":"polygon","vertices":[-50,-155.5,-50,-55.5,50,-55.5,50,-155.5]}]},{"name":"btn3","display":[{"type":"boundingBox","name":"btn3_boundingBox","subType":"polygon","vertices":[-50,-39.37,-50,60.63,50,60.63,50,-39.37]}]},{"name":"btn4","display":[{"type":"boundingBox","name":"btn3_boundingBox1","subType":"polygon","vertices":[-50,-50.22,-50,49.78,50,49.78,50,-50.22]}]},{"name":"btn5","display":[{"type":"boundingBox","name":"btn3_boundingBox11","subType":"polygon","vertices":[-50,-47.42,-50,52.58,50,52.58,50,-47.42]}]},{"name":"sdfsdfds","display":[{"name":"sdfsdfds","path":"renwu3/jzbt1"}]}]}],"animation":[{"duration":0,"playTimes":0,"name":"newAnimation"}],"defaultActions":[{"gotoAndPlay":"newAnimation"}]},{"type":"Armature","frameRate":24,"name":"sc4Ebtn_1","aabb":{"x":0.7,"y":10.33,"width":128,"height":654},"bone":[{"name":"root","transform":{"x":65.5457,"y":327.7251}},{"name":"btn4","parent":"root","transform":{"y":125.6087}},{"name":"btn5","parent":"root","transform":{"y":241.5902}},{"name":"btn3","parent":"root"},{"name":"btn2","parent":"root"},{"name":"btn1","parent":"root"}],"slot":[{"name":"btn1","parent":"btn1"},{"name":"btn2","parent":"btn2"},{"name":"btn3","parent":"btn3"},{"name":"btn4","parent":"btn4"},{"name":"btn5","parent":"btn5"},{"name":"手链41","parent":"root"}],"skin":[{"slot":[{"name":"btn3","display":[{"type":"boundingBox","name":"btn3_boundingBox","subType":"polygon","vertices":[-50,-39.37,-50,60.63,50,60.63,50,-39.37]}]},{"name":"btn1","display":[{"type":"boundingBox","name":"btn1_boundingBox","subType":"polygon","vertices":[-50,-277.06,-50,-177.06,50,-177.06,50,-277.06]}]},{"name":"btn2","display":[{"type":"boundingBox","name":"btn2_boundingBox","subType":"polygon","vertices":[-50,-155.5,-50,-55.5,50,-55.5,50,-155.5]}]},{"name":"btn5","display":[{"type":"boundingBox","name":"btn3_boundingBox11","subType":"polygon","vertices":[-50,-47.62,-50,52.38,50,52.38,50,-47.62]}]},{"name":"手链41","display":[{"name":"手链41","transform":{"x":-0.85,"y":9.61}}]},{"name":"btn4","display":[{"type":"boundingBox","name":"btn3_boundingBox1","subType":"polygon","vertices":[-50,-47.62,-50,52.38,50,52.38,50,-47.62]}]}]}],"animation":[{"duration":0,"playTimes":0,"name":"newAnimation"}],"defaultActions":[{"gotoAndPlay":"newAnimation"}]},{"type":"Armature","frameRate":24,"name":"sc4Ebtn_2","aabb":{"x":0.6,"y":10.78,"width":128,"height":654},"bone":[{"name":"root","transform":{"x":65.5457,"y":327.7251}},{"name":"btn4","parent":"root","transform":{"y":125.6087}},{"name":"btn5","parent":"root","transform":{"y":241.5902}},{"name":"btn3","parent":"root"},{"name":"btn2","parent":"root"},{"name":"btn1","parent":"root"}],"slot":[{"name":"btn1","parent":"btn1"},{"name":"btn2","parent":"btn2"},{"name":"btn3","parent":"btn3"},{"name":"btn4","parent":"btn4"},{"name":"btn5","parent":"btn5"},{"name":"耳饰42","parent":"root"}],"skin":[{"slot":[{"name":"btn5","display":[{"type":"boundingBox","name":"btn3_boundingBox11","subType":"polygon","vertices":[-50,-47.62,-50,52.38,50,52.38,50,-47.62]}]},{"name":"btn4","display":[{"type":"boundingBox","name":"btn3_boundingBox1","subType":"polygon","vertices":[-50,-47.62,-50,52.38,50,52.38,50,-47.62]}]},{"name":"btn3","display":[{"type":"boundingBox","name":"btn3_boundingBox","subType":"polygon","vertices":[-50,-36.07,-50,63.93,50,63.93,50,-36.07]}]},{"name":"btn2","display":[{"type":"boundingBox","name":"btn2_boundingBox","subType":"polygon","vertices":[-50,-148.9,-50,-48.9,50,-48.9,50,-148.9]}]},{"name":"btn1","display":[{"type":"boundingBox","name":"btn1_boundingBox","subType":"polygon","vertices":[-50,-265.51,-50,-165.51,50,-165.51,50,-265.51]}]},{"name":"耳饰42","display":[{"name":"耳饰42","transform":{"x":-0.94,"y":10.06}}]}]}],"animation":[{"duration":0,"playTimes":0,"name":"newAnimation"}],"defaultActions":[{"gotoAndPlay":"newAnimation"}]},{"type":"Armature","frameRate":24,"name":"sc4Ebtn_3","aabb":{"x":-1.7,"y":12.32,"width":128,"height":654},"bone":[{"name":"root","transform":{"x":65.5457,"y":327.7251}},{"name":"btn4","parent":"root","transform":{"y":125.6087}},{"name":"btn5","parent":"root","transform":{"y":241.5902}},{"name":"btn3","parent":"root"},{"name":"btn2","parent":"root"},{"name":"btn1","parent":"root"}],"slot":[{"name":"btn1","parent":"btn1"},{"name":"btn2","parent":"btn2"},{"name":"btn3","parent":"btn3"},{"name":"btn4","parent":"btn4"},{"name":"btn5","parent":"btn5"},{"name":"项链43","parent":"root"}],"skin":[{"slot":[{"name":"项链43","display":[{"name":"项链43","transform":{"x":-3.24,"y":11.59}}]},{"name":"btn5","display":[{"type":"boundingBox","name":"btn3_boundingBox11","subType":"polygon","vertices":[-50,-50.22,-50,49.78,50,49.78,50,-50.22]}]},{"name":"btn4","display":[{"type":"boundingBox","name":"btn3_boundingBox1","subType":"polygon","vertices":[-50,-48.42,-50,51.58,50,51.58,50,-48.42]}]},{"name":"btn3","display":[{"type":"boundingBox","name":"btn3_boundingBox","subType":"polygon","vertices":[-50,-40.37,-50,59.63,50,59.63,50,-40.37]}]},{"name":"btn2","display":[{"type":"boundingBox","name":"btn2_boundingBox","subType":"polygon","vertices":[-50,-153.85,-50,-53.85,50,-53.85,50,-153.85]}]},{"name":"btn1","display":[{"type":"boundingBox","name":"btn1_boundingBox","subType":"polygon","vertices":[-50,-272.96,-50,-172.96,50,-172.96,50,-272.96]}]}]}],"animation":[{"duration":0,"playTimes":0,"name":"newAnimation"}],"defaultActions":[{"gotoAndPlay":"newAnimation"}]},{"type":"Armature","frameRate":24,"name":"sc4Ebtn_4","aabb":{"x":-2.48,"y":11.99,"width":128,"height":654},"bone":[{"name":"root","transform":{"x":65.5457,"y":327.7251}},{"name":"btn4","parent":"root","transform":{"y":135.5087}},{"name":"btn5","parent":"root","transform":{"y":251.4902}},{"name":"btn3","parent":"root"},{"name":"btn2","parent":"root"},{"name":"btn1","parent":"root"}],"slot":[{"name":"btn1","parent":"btn1"},{"name":"btn2","parent":"btn2"},{"name":"btn3","parent":"btn3"},{"name":"btn4","parent":"btn4"},{"name":"btn5","parent":"btn5"},{"name":"戒指44","parent":"root"}],"skin":[{"slot":[{"name":"btn2","display":[{"type":"boundingBox","name":"btn2_boundingBox","subType":"polygon","vertices":[-50,-153.85,-50,-53.85,50,-53.85,50,-153.85]}]},{"name":"btn1","display":[{"type":"boundingBox","name":"btn1_boundingBox","subType":"polygon","vertices":[-50,-270.46,-50,-170.46,50,-170.46,50,-270.46]}]},{"name":"戒指44","display":[{"name":"戒指44","transform":{"x":-4.03,"y":11.27}}]},{"name":"btn5","display":[{"type":"boundingBox","name":"btn3_boundingBox11","subType":"polygon","vertices":[-50,-55.67,-50,44.33,50,44.33,50,-55.67]}]},{"name":"btn4","display":[{"type":"boundingBox","name":"btn3_boundingBox1","subType":"polygon","vertices":[-50,-56.82,-50,43.18,50,43.18,50,-56.82]}]},{"name":"btn3","display":[{"type":"boundingBox","name":"btn3_boundingBox","subType":"polygon","vertices":[-50,-36.07,-50,63.93,50,63.93,50,-36.07]}]}]}],"animation":[{"duration":0,"playTimes":0,"name":"newAnimation"}],"defaultActions":[{"gotoAndPlay":"newAnimation"}]},{"type":"Armature","frameRate":24,"name":"sc4Renwu1","aabb":{"x":-375,"y":-681.2,"width":750,"height":1520},"bone":[{"name":"root","transform":{"y":23.36}},{"name":"xiangl1","parent":"root"},{"name":"xiangl2","parent":"root"},{"name":"xiangl3","parent":"root","transform":{"x":-1.56}},{"name":"xiangl4","parent":"root"},{"name":"xiangl5","parent":"root"},{"name":"ershi1","parent":"root"},{"name":"ershi2","parent":"root"},{"name":"ershi3","parent":"root"},{"name":"ershi5","parent":"root"},{"name":"shoul1","parent":"root"},{"name":"shoul2","parent":"root"},{"name":"shoul3","parent":"root"},{"name":"shoul4","parent":"root"},{"name":"shoul5","parent":"root"},{"name":"jiezhi1","parent":"root"},{"name":"jiezhi2","parent":"root"},{"name":"jiezhi3","parent":"root"},{"name":"jiezhi4","parent":"root"},{"name":"jiezhi5","parent":"root"},{"name":"ershi4","parent":"root"}],"slot":[{"name":"组 48","parent":"root"},{"name":"a41","parent":"shoul1"},{"name":"a42","parent":"shoul2"},{"name":"a43","parent":"shoul3"},{"name":"a44","parent":"shoul4"},{"name":"a45","parent":"shoul5"},{"name":"b41","parent":"ershi1"},{"name":"b42","parent":"ershi2"},{"name":"b43","parent":"ershi3"},{"name":"b45","parent":"ershi5"},{"name":"d41","parent":"jiezhi1"},{"name":"d42","parent":"jiezhi2"},{"name":"d43","parent":"jiezhi3"},{"name":"d44","parent":"jiezhi4"},{"name":"d45","parent":"jiezhi5"},{"name":"c41","parent":"xiangl1"},{"name":"c42","parent":"xiangl2"},{"name":"c43","parent":"xiangl3"},{"name":"c44","parent":"xiangl4"},{"name":"c45","parent":"xiangl5"},{"name":"411rweter","parent":"ershi4"}],"skin":[{"slot":[{"name":"b41","display":[{"name":"b41","transform":{"x":79.88,"y":-519.24}}]},{"name":"c44","display":[{"name":"c44","transform":{"x":99.87,"y":-378.17}}]},{"name":"c42","display":[{"name":"c42","transform":{"x":100.87,"y":-386.98}}]},{"name":"d44","display":[{"name":"d44","transform":{"x":251.95,"y":222.48}}]},{"name":"d43","display":[{"name":"d43","transform":{"x":249.67,"y":225.54}}]},{"name":"b42","display":[{"name":"b42","transform":{"x":80.49,"y":-517.95}}]},{"name":"d41","display":[{"name":"d41","transform":{"x":248.07,"y":228.79}}]},{"name":"a41","display":[{"name":"a41","transform":{"x":245.77,"y":138.18}}]},{"name":"a42","display":[{"name":"a42","transform":{"x":248.3,"y":131.61}}]},{"name":"组 48","display":[{"name":"组 48","transform":{"y":55.44}}]},{"name":"c45","display":[{"name":"c45","transform":{"x":100.69,"y":-373.48}}]},{"name":"d42","display":[{"name":"d42","transform":{"x":250.25,"y":221.86}}]},{"name":"b43","display":[{"name":"b43","transform":{"x":80.44,"y":-514.45}}]},{"name":"411rweter","display":[{"name":"411rweter","transform":{"x":76.94,"y":-516.68}}]},{"name":"a45","display":[{"name":"a45","transform":{"x":248.64,"y":130.56}}]},{"name":"c43","display":[{"name":"c43","transform":{"x":98.49,"y":-376.92}}]},{"name":"a44","display":[{"name":"a44","transform":{"x":245.87,"y":132.82}}]},{"name":"b45","display":[{"name":"b45","transform":{"x":81.78,"y":-514.81}}]},{"name":"a43","display":[{"name":"a43","transform":{"x":250.15,"y":131.25}}]},{"name":"d45","display":[{"name":"d45","transform":{"x":251.38,"y":220.15}}]},{"name":"c41","display":[{"name":"c41","transform":{"x":96.94,"y":-385.83}}]}]}],"animation":[{"duration":0,"playTimes":0,"name":"renwubg"}],"defaultActions":[{"gotoAndPlay":"renwubg"}]},{"type":"Armature","frameRate":24,"name":"sc5Renwu1","aabb":{"x":-375,"y":-707.73,"width":750,"height":1521},"bone":[{"name":"root","transform":{"y":138.46}},{"name":"xiangl1","parent":"root","transform":{"x":51.9812,"y":38.4138}},{"name":"xiangl2","parent":"root","transform":{"x":51.9812,"y":38.4138}},{"name":"xiangl3","parent":"root","transform":{"x":50.4212,"y":38.4138}},{"name":"xiangl4","parent":"root","transform":{"x":51.9812,"y":38.4138}},{"name":"xiangl5","parent":"root","transform":{"x":51.9812,"y":38.4138}},{"name":"ershi1","parent":"root"},{"name":"ershi2","parent":"root"},{"name":"ershi3","parent":"root"},{"name":"ershi4","parent":"root"},{"name":"ershi5","parent":"root"},{"name":"shoul1","parent":"root"},{"name":"shoul2","parent":"root"},{"name":"shoul3","parent":"root"},{"name":"shoul4","parent":"root","transform":{"x":1025.8455,"y":47.5017}},{"name":"shoul5","parent":"root"},{"name":"jiezhi1","parent":"root"},{"name":"jiezhi2","parent":"root"},{"name":"jiezhi3","parent":"root"},{"name":"jiezhi4","parent":"root"},{"name":"jiezhi5","parent":"root"}],"slot":[{"name":"组 40","parent":"root"},{"name":"1","parent":"xiangl1"},{"name":"2","parent":"xiangl2"},{"name":"3","parent":"xiangl3"},{"name":"4","parent":"xiangl4"},{"name":"5","parent":"xiangl5"},{"name":"shoulia1","parent":"shoul1"},{"name":"shoulia2","parent":"shoul2"},{"name":"shoulia3","parent":"shoul3"},{"name":"shoulia4","parent":"shoul4"},{"name":"shoulia5","parent":"shoul5"},{"name":"jiezhiaasdf1","parent":"ershi1"},{"name":"jiezhiaasdf2","parent":"ershi2"},{"name":"jiezhiaasdf3","parent":"ershi3"},{"name":"jiezhiaasdf4","parent":"ershi4"},{"name":"jiezhiaasdf5","parent":"ershi5"},{"name":"jiezhiasdf1","parent":"jiezhi1"},{"name":"jiezhiasdf2","parent":"jiezhi2"},{"name":"jiezhiasdf3","parent":"jiezhi3"},{"name":"jiezhiasdf4","parent":"jiezhi4"},{"name":"jiezhiasdf5","parent":"jiezhi5"}],"skin":[{"slot":[{"name":"jiezhiaasdf4","display":[{"name":"jiezhiaasdf4","transform":{"x":37.91,"y":-648.75}}]},{"name":"jiezhiasdf4","display":[{"name":"jiezhiasdf4","transform":{"x":129.45,"y":145.62}}]},{"name":"jiezhiasdf5","display":[{"name":"jiezhiasdf5","transform":{"x":136.71,"y":141.33}}]},{"name":"shoulia5","display":[{"name":"shoulia5","transform":{"x":232.42,"y":51.18}}]},{"name":"shoulia1","display":[{"name":"shoulia1","transform":{"x":228.04,"y":48.89}}]},{"name":"1","display":[{"name":"1","transform":{"x":-22.09,"y":-548.57}}]},{"name":"jiezhiasdf2","display":[{"name":"jiezhiasdf2","transform":{"x":125.56,"y":119.6}}]},{"name":"jiezhiaasdf1","display":[{"name":"jiezhiaasdf1","transform":{"x":39.79,"y":-650.72}}]},{"name":"4","display":[{"name":"4","transform":{"x":-27.95,"y":-551.7,"scX":1.05,"scY":1.05}}]},{"name":"shoulia3","display":[{"name":"shoulia3","transform":{"x":220.42,"y":67.65}}]},{"name":"jiezhiaasdf5","display":[{"name":"jiezhiaasdf5","transform":{"x":40.34,"y":-653.21}}]},{"name":"5","display":[{"name":"5","transform":{"x":-26.4,"y":-555.02}}]},{"name":"jiezhiaasdf2","display":[{"name":"jiezhiaasdf2","transform":{"x":36.25,"y":-633.19}}]},{"name":"组 40","display":[{"name":"组 40","transform":{"y":-85.69}}]},{"name":"jiezhiasdf1","display":[{"name":"jiezhiasdf1","transform":{"x":156.11,"y":151.05}}]},{"name":"shoulia2","display":[{"name":"shoulia2","transform":{"x":231.49,"y":47.25}}]},{"name":"jiezhiaasdf3","display":[{"name":"jiezhiaasdf3","transform":{"x":38.82,"y":-650.44}}]},{"name":"jiezhiasdf3","display":[{"name":"jiezhiasdf3","transform":{"x":133.28,"y":112.15}}]},{"name":"shoulia4","display":[{"name":"shoulia4","transform":{"x":-797.23,"y":1.25}}]},{"name":"2","display":[{"name":"2","transform":{"x":-19.75,"y":-584.67}}]},{"name":"3","display":[{"name":"3","transform":{"x":-26.62,"y":-565.62}}]}]}],"animation":[{"duration":0,"playTimes":0,"name":"renwubg"}],"defaultActions":[{"gotoAndPlay":"renwubg"}]},{"type":"Armature","frameRate":24,"name":"sc5Ebtn_1","aabb":{"x":1.69,"y":11.01,"width":128,"height":654},"bone":[{"name":"root","transform":{"x":65.5457,"y":327.7251}},{"name":"btn4","parent":"root","transform":{"y":125.6087}},{"name":"btn5","parent":"root","transform":{"y":241.5902}},{"name":"btn3","parent":"root"},{"name":"btn2","parent":"root"},{"name":"btn1","parent":"root"}],"slot":[{"name":"btn1","parent":"btn1"},{"name":"btn2","parent":"btn2"},{"name":"btn3","parent":"btn3"},{"name":"btn4","parent":"btn4"},{"name":"btn5","parent":"btn5"},{"name":"手链1111","parent":"root"}],"skin":[{"slot":[{"name":"btn4","display":[{"type":"boundingBox","name":"btn3_boundingBox1","subType":"polygon","vertices":[-50,-47.62,-50,52.38,50,52.38,50,-47.62]}]},{"name":"btn3","display":[{"type":"boundingBox","name":"btn3_boundingBox","subType":"polygon","vertices":[-50,-39.37,-50,60.63,50,60.63,50,-39.37]}]},{"name":"btn2","display":[{"type":"boundingBox","name":"btn2_boundingBox","subType":"polygon","vertices":[-50,-155.5,-50,-55.5,50,-55.5,50,-155.5]}]},{"name":"btn1","display":[{"type":"boundingBox","name":"btn1_boundingBox","subType":"polygon","vertices":[-50,-277.06,-50,-177.06,50,-177.06,50,-277.06]}]},{"name":"手链1111","display":[{"name":"手链1111","transform":{"x":0.15,"y":10.29}}]},{"name":"btn5","display":[{"type":"boundingBox","name":"btn3_boundingBox11","subType":"polygon","vertices":[-50,-47.62,-50,52.38,50,52.38,50,-47.62]}]}]}],"animation":[{"duration":0,"playTimes":0,"name":"newAnimation"}],"defaultActions":[{"gotoAndPlay":"newAnimation"}]},{"type":"Armature","frameRate":24,"name":"sc5Ebtn_2","aabb":{"x":1.49,"y":10.87,"width":128,"height":654},"bone":[{"name":"root","transform":{"x":65.5457,"y":327.7251}},{"name":"btn4","parent":"root","transform":{"y":125.6087}},{"name":"btn5","parent":"root","transform":{"y":241.5902}},{"name":"btn3","parent":"root"},{"name":"btn2","parent":"root"},{"name":"btn1","parent":"root"}],"slot":[{"name":"btn1","parent":"btn1"},{"name":"btn2","parent":"btn2"},{"name":"btn3","parent":"btn3"},{"name":"btn4","parent":"btn4"},{"name":"btn5","parent":"btn5"},{"name":"耳饰1111","parent":"root"}],"skin":[{"slot":[{"name":"btn5","display":[{"type":"boundingBox","name":"btn3_boundingBox11","subType":"polygon","vertices":[-50,-47.62,-50,52.38,53.75,52.38,53.75,-47.62]}]},{"name":"btn4","display":[{"type":"boundingBox","name":"btn3_boundingBox1","subType":"polygon","vertices":[-50,-41.37,-50,58.63,50,58.63,50,-41.37]}]},{"name":"btn3","display":[{"type":"boundingBox","name":"btn3_boundingBox","subType":"polygon","vertices":[-50,-29.82,-50,70.18,55,70.18,55,-29.82]}]},{"name":"btn2","display":[{"type":"boundingBox","name":"btn2_boundingBox","subType":"polygon","vertices":[-50,-148.9,-46.25,-41.35,53.75,-41.35,50,-148.9]}]},{"name":"耳饰1111","display":[{"name":"耳饰1111","transform":{"x":-0.06,"y":10.14}}]},{"name":"btn1","display":[{"type":"boundingBox","name":"btn1_boundingBox","subType":"polygon","vertices":[-55,-265.51,-55,-165.51,56.3,-165.51,56.3,-265.51]}]}]}],"animation":[{"duration":0,"playTimes":0,"name":"newAnimation"}],"defaultActions":[{"gotoAndPlay":"newAnimation"}]},{"type":"Armature","frameRate":24,"name":"sc5Ebtn_3","aabb":{"x":0.8,"y":8.17,"width":128,"height":659},"bone":[{"name":"root","transform":{"x":65.5457,"y":327.7251}},{"name":"btn4","parent":"root","transform":{"y":125.6087}},{"name":"btn5","parent":"root","transform":{"y":241.5902}},{"name":"btn3","parent":"root"},{"name":"btn2","parent":"root"},{"name":"btn1","parent":"root"}],"slot":[{"name":"btn1","parent":"btn1"},{"name":"btn2","parent":"btn2"},{"name":"btn3","parent":"btn3"},{"name":"btn4","parent":"btn4"},{"name":"btn5","parent":"btn5"},{"name":"项链1111","parent":"root"}],"skin":[{"slot":[{"name":"btn2","display":[{"type":"boundingBox","name":"btn2_boundingBox","subType":"polygon","vertices":[-50,-153.85,-50,-53.85,50,-53.85,50,-153.85]}]},{"name":"项链1111","display":[{"name":"项链1111","transform":{"x":-0.75,"y":9.94}}]},{"name":"btn5","display":[{"type":"boundingBox","name":"btn3_boundingBox11","subType":"polygon","vertices":[-51.17,-45.58,-51.17,54.42,48.83,54.42,48.83,-45.58]}]},{"name":"btn3","display":[{"type":"boundingBox","name":"btn3_boundingBox","subType":"polygon","vertices":[-50,-38.05,-48.85,69,51.15,69,50,-38.05]}]},{"name":"btn1","display":[{"type":"boundingBox","name":"btn1_boundingBox","subType":"polygon","vertices":[-50,-272.96,-50,-164.81,50,-164.81,50,-272.96]}]},{"name":"btn4","display":[{"type":"boundingBox","name":"btn3_boundingBox1","subType":"polygon","vertices":[-50,-47.26,-48.8,62.09,51.2,62.09,50,-47.26]}]}]}],"animation":[{"duration":0,"playTimes":0,"name":"newAnimation"}],"defaultActions":[{"gotoAndPlay":"newAnimation"}]},{"type":"Armature","frameRate":24,"name":"sc5Ebtn_4","aabb":{"x":0.18,"y":11.9,"width":128,"height":654},"bone":[{"name":"root","transform":{"x":65.5457,"y":327.7251}},{"name":"btn4","parent":"root","transform":{"y":135.5087}},{"name":"btn5","parent":"root","transform":{"y":251.4902}},{"name":"btn3","parent":"root"},{"name":"btn2","parent":"root"},{"name":"btn1","parent":"root"}],"slot":[{"name":"btn1","parent":"btn1"},{"name":"btn2","parent":"btn2"},{"name":"btn3","parent":"btn3"},{"name":"btn4","parent":"btn4"},{"name":"btn5","parent":"btn5"},{"name":"戒指1111","parent":"root"}],"skin":[{"slot":[{"name":"btn3","display":[{"type":"boundingBox","name":"btn3_boundingBox","subType":"polygon","vertices":[-50,-36.07,-50,63.93,50,63.93,50,-36.07]}]},{"name":"btn5","display":[{"type":"boundingBox","name":"btn3_boundingBox11","subType":"polygon","vertices":[-50,-50.83,-50,49.17,50,49.17,50,-50.83]}]},{"name":"btn2","display":[{"type":"boundingBox","name":"btn2_boundingBox","subType":"polygon","vertices":[-50,-153.85,-50,-53.85,50,-53.85,50,-153.85]}]},{"name":"戒指1111","display":[{"name":"戒指1111","transform":{"x":-1.36,"y":11.18}}]},{"name":"btn1","display":[{"type":"boundingBox","name":"btn1_boundingBox","subType":"polygon","vertices":[-50,-270.46,-50,-170.46,50,-170.46,50,-270.46]}]},{"name":"btn4","display":[{"type":"boundingBox","name":"btn3_boundingBox1","subType":"polygon","vertices":[-50,-53.19,-50,46.81,50,46.81,50,-53.19]}]}]}],"animation":[{"duration":0,"playTimes":0,"name":"newAnimation"}],"defaultActions":[{"gotoAndPlay":"newAnimation"}]},{"type":"Armature","frameRate":24,"name":"sc1Renwu1","aabb":{"x":-375,"y":-832.44,"width":750,"height":1624},"bone":[{"name":"root","transform":{"y":-20.44}},{"name":"xiangl1","parent":"root"},{"name":"xiangl2","parent":"root"},{"name":"xiangl3","parent":"root","transform":{"x":-1.56}},{"name":"xiangl4","parent":"root"},{"name":"xiangl5","parent":"root"},{"name":"ershi1","parent":"root"},{"name":"ershi2","parent":"root"},{"name":"ershi3","parent":"root"},{"name":"ershi5","parent":"root"},{"name":"shoul1","parent":"root"},{"name":"shoul2","parent":"root"},{"name":"shoul3","parent":"root"},{"name":"shoul4","parent":"root"},{"name":"shoul5","parent":"root"},{"name":"jiezhi1","parent":"root"},{"name":"jiezhi2","parent":"root"},{"name":"jiezhi3","parent":"root"},{"name":"jiezhi4","parent":"root"},{"name":"jiezhi5","parent":"root"},{"name":"ershi4","parent":"root"}],"slot":[{"name":"人物1","parent":"root"},{"name":"pppx1","parent":"xiangl1"},{"name":"x2","parent":"xiangl2"},{"name":"x3","parent":"xiangl3"},{"name":"pppx4","parent":"xiangl4"},{"name":"pppx5","parent":"xiangl5"},{"name":"e5ppp","parent":"ershi2"},{"name":"e1ppp","parent":"ershi3"},{"name":"e3ppp","parent":"ershi4"},{"name":"e4ppp","parent":"ershi5"},{"name":"j1ppp","parent":"jiezhi1"},{"name":"j2ppp","parent":"jiezhi2"},{"name":"j3ppp","parent":"jiezhi3"},{"name":"j4ppp","parent":"jiezhi4"},{"name":"j5ppp","parent":"jiezhi5"},{"name":"s1ppp","parent":"shoul1"},{"name":"s2ppp","parent":"shoul2"},{"name":"s3ppp","parent":"shoul3"},{"name":"s4ppp","parent":"shoul4"},{"name":"s5ppp","parent":"shoul5"},{"name":"aaaaaaaaaaaaaaaaaaaaaff","parent":"ershi1"}],"skin":[{"slot":[{"name":"e1ppp","display":[{"name":"e1ppp","transform":{"x":211.21,"y":-472.86},"path":"e1"}]},{"name":"s1ppp","display":[{"name":"s1ppp","transform":{"x":38.29,"y":312.69},"path":"s1"}]},{"name":"j5ppp","display":[{"name":"j5ppp","transform":{"x":-30.95,"y":446.89},"path":"j5"}]},{"name":"e5ppp","display":[{"name":"e5","transform":{"x":208.44,"y":-492.69}}]},{"name":"人物1","display":[{"name":"ppp人物1","path":"人物1"}]},{"name":"x2","display":[{"name":"pppx2","transform":{"x":156.12,"y":-319.66},"path":"x2"}]},{"name":"j3ppp","display":[{"name":"j3ppp","transform":{"x":-29.34,"y":442.05},"path":"j3"}]},{"name":"e3ppp","display":[{"name":"e3ppp","transform":{"x":211.78,"y":-485.2},"path":"e3"}]},{"name":"s4ppp","display":[{"name":"s4ppp","transform":{"x":36.12,"y":313.97},"path":"s4"}]},{"name":"pppx1","display":[{"name":"x1","transform":{"x":177.24,"y":-328.29}}]},{"name":"s5ppp","display":[{"name":"s5ppp","transform":{"x":37.1,"y":315.66},"path":"s5"}]},{"name":"e4ppp","display":[{"name":"e4ppp","transform":{"x":211.19,"y":-493.66},"path":"e4"}]},{"name":"j2ppp","display":[{"name":"j2ppp","transform":{"x":-28.76,"y":442.72},"path":"j2"}]},{"name":"j1ppp","display":[{"name":"j1ppp","transform":{"x":-28.73,"y":442.16},"path":"j1"}]},{"name":"pppx5","display":[{"name":"x5","transform":{"x":161.6,"y":-321.86}}]},{"name":"j4ppp","display":[{"name":"j4ppp","transform":{"x":-28.06,"y":442.67},"path":"j4"}]},{"name":"pppx4","display":[{"name":"x4","transform":{"x":148.81,"y":-308.03}}]},{"name":"x3","display":[{"name":"pppx3","transform":{"x":154.89,"y":-320.01},"path":"x3"}]},{"name":"s3ppp","display":[{"name":"s3ppp","transform":{"x":36.61,"y":314.16},"path":"s3"}]},{"name":"s2ppp","display":[{"name":"s2ppp","transform":{"x":35.06,"y":316.89},"path":"s2"}]},{"name":"aaaaaaaaaaaaaaaaaaaaaff","display":[{"name":"aaaaaaaaaaaaaaaaaaaaaff","transform":{"x":211.63,"y":-499.9}}]}]}],"animation":[{"duration":0,"playTimes":0,"name":"renwubg"}],"defaultActions":[{"gotoAndPlay":"renwubg"}]},{"type":"Armature","frameRate":24,"name":"sc1Ebtn_1","aabb":{"x":1.55,"y":0.73,"width":128,"height":654},"bone":[{"name":"root","transform":{"x":65.5457,"y":327.7251}},{"name":"btn4","parent":"root","transform":{"y":125.6087}},{"name":"btn5","parent":"root","transform":{"y":241.5902}},{"name":"btn3","parent":"root"},{"name":"btn2","parent":"root"},{"name":"btn1","parent":"root"}],"slot":[{"name":"shoulia","parent":"root"},{"name":"btn1","parent":"btn1"},{"name":"btn2","parent":"btn2"},{"name":"btn3","parent":"btn3"},{"name":"btn4","parent":"btn4"},{"name":"btn5","parent":"btn5"}],"skin":[{"slot":[{"name":"btn2","display":[{"type":"boundingBox","name":"btn2_boundingBox","subType":"polygon","vertices":[-50,-163.75,-50,-63.75,50,-63.75,50,-163.75]}]},{"name":"btn1","display":[{"type":"boundingBox","name":"btn1_boundingBox","subType":"polygon","vertices":[-50,-285.31,-50,-185.31,50,-185.31,50,-285.31]}]},{"name":"shoulia","display":[{"name":"shouliagdghfgjhghjgh","path":"shoulia"}]},{"name":"btn5","display":[{"type":"boundingBox","name":"btn3_boundingBox11","subType":"polygon","vertices":[-50,-47.62,-50,52.38,50,52.38,50,-47.62]}]},{"name":"btn4","display":[{"type":"boundingBox","name":"btn3_boundingBox1","subType":"polygon","vertices":[-50,-47.62,-50,52.38,50,52.38,50,-47.62]}]},{"name":"btn3","display":[{"type":"boundingBox","name":"btn3_boundingBox","subType":"polygon","vertices":[-50,-47.62,-50,52.38,50,52.38,50,-47.62]}]}]}],"animation":[{"duration":0,"playTimes":0,"name":"newAnimation"}],"defaultActions":[{"gotoAndPlay":"newAnimation"}]},{"type":"Armature","frameRate":24,"name":"sc1Ebtn_2","aabb":{"x":4.56,"y":2.88,"width":128,"height":654},"bone":[{"name":"root","transform":{"x":65.5457,"y":327.7251}},{"name":"btn4","parent":"root","transform":{"y":125.6087}},{"name":"btn5","parent":"root","transform":{"y":241.5902}},{"name":"btn3","parent":"root"},{"name":"btn2","parent":"root"},{"name":"btn1","parent":"root"}],"slot":[{"name":"btn1","parent":"btn1"},{"name":"btn2","parent":"btn2"},{"name":"btn3","parent":"btn3"},{"name":"btn4","parent":"btn4"},{"name":"btn5","parent":"btn5"},{"name":"ghjgsdsd","parent":"root"},{"name":"dfgdsgdsfgdfghfgjhghjg","parent":"root"}],"skin":[{"slot":[{"name":"btn3","display":[{"type":"boundingBox","name":"btn3_boundingBox","subType":"polygon","vertices":[-50,-47.62,-50,52.38,50,52.38,50,-47.62]}]},{"name":"btn2","display":[{"type":"boundingBox","name":"btn2_boundingBox","subType":"polygon","vertices":[-50,-163.75,-50,-63.75,50,-63.75,50,-163.75]}]},{"name":"dfgdsgdsfgdfghfgjhghjg","display":[{"name":"dfgdsgdsfgdfghfgjhghjg","transform":{"x":3.01,"y":2.15}}]},{"name":"btn1","display":[{"type":"boundingBox","name":"btn1_boundingBox","subType":"polygon","vertices":[-50,-285.31,-50,-185.31,59.45,-185.31,59.45,-285.31]}]},{"name":"ghjgsdsd","display":[{"name":"dfgfd"}]},{"name":"btn5","display":[{"type":"boundingBox","name":"btn3_boundingBox11","subType":"polygon","vertices":[-50,-52.22,-50,47.78,50,47.78,50,-52.22]}]},{"name":"btn4","display":[{"type":"boundingBox","name":"btn3_boundingBox1","subType":"polygon","vertices":[-50,-55.67,-50,44.33,50,44.33,50,-55.67]}]}]}],"animation":[{"duration":0,"playTimes":0,"name":"newAnimation"}],"defaultActions":[{"gotoAndPlay":"newAnimation"}]},{"type":"Armature","frameRate":24,"name":"sc1Ebtn_3","aabb":{"x":1.55,"y":0.73,"width":128,"height":654},"bone":[{"name":"root","transform":{"x":65.5457,"y":327.7251}},{"name":"btn4","parent":"root","transform":{"y":125.6087}},{"name":"btn5","parent":"root","transform":{"y":241.5902}},{"name":"btn3","parent":"root"},{"name":"btn2","parent":"root"},{"name":"btn1","parent":"root"}],"slot":[{"name":"btn1","parent":"btn1"},{"name":"btn2","parent":"btn2"},{"name":"btn3","parent":"btn3"},{"name":"btn4","parent":"btn4"},{"name":"btn5","parent":"btn5"},{"name":"lklk","parent":"root"}],"skin":[{"slot":[{"name":"btn3","display":[{"type":"boundingBox","name":"btn3_boundingBox","subType":"polygon","vertices":[-50,-45.32,-50,54.68,50,54.68,50,-45.32]}]},{"name":"btn2","display":[{"type":"boundingBox","name":"btn2_boundingBox","subType":"polygon","vertices":[-50,-163.75,-50,-63.75,50,-63.75,50,-163.75]}]},{"name":"btn1","display":[{"type":"boundingBox","name":"btn1_boundingBox","subType":"polygon","vertices":[-50,-279.56,-50,-179.56,50,-179.56,50,-279.56]}]},{"name":"lklk","display":[{"name":"sadgfsfsdw","path":"耳饰 拷贝"}]},{"name":"btn5","display":[{"type":"boundingBox","name":"btn3_boundingBox11","subType":"polygon","vertices":[-50,-56.82,-50,43.18,50,43.18,50,-56.82]}]},{"name":"btn4","display":[{"type":"boundingBox","name":"btn3_boundingBox1","subType":"polygon","vertices":[-50,-53.37,-50,46.63,50,46.63,50,-53.37]}]}]}],"animation":[{"duration":0,"playTimes":0,"name":"newAnimation"}],"defaultActions":[{"gotoAndPlay":"newAnimation"}]},{"type":"Armature","frameRate":24,"name":"sc1Ebtn_4","aabb":{"x":1.25,"y":0.9,"width":155,"height":654},"bone":[{"name":"root","transform":{"x":65.5457,"y":327.7251}},{"name":"btn4","parent":"root","transform":{"y":125.6087}},{"name":"btn5","parent":"root","transform":{"y":241.5902}},{"name":"btn3","parent":"root"},{"name":"btn2","parent":"root"},{"name":"btn1","parent":"root"}],"slot":[{"name":"btn1","parent":"btn1"},{"name":"btn2","parent":"btn2"},{"name":"btn3","parent":"btn3"},{"name":"btn4","parent":"btn4"},{"name":"btn5","parent":"btn5"},{"name":"sdfsdfds","parent":"root"}],"skin":[{"slot":[{"name":"btn3","display":[{"type":"boundingBox","name":"btn3_boundingBox","subType":"polygon","vertices":[-50,-47.62,-50,52.38,50,52.38,50,-47.62]}]},{"name":"btn2","display":[{"type":"boundingBox","name":"btn2_boundingBox","subType":"polygon","vertices":[-50,-163.75,-50,-63.75,50,-63.75,50,-163.75]}]},{"name":"btn1","display":[{"type":"boundingBox","name":"btn1_boundingBox","subType":"polygon","vertices":[-50,-285.31,-50,-185.31,50,-185.31,50,-285.31]}]},{"name":"sdfsdfds","display":[{"name":"lkklsdsfs","transform":{"x":13.2,"y":0.17},"path":"sdfsdfds"}]},{"name":"btn5","display":[{"type":"boundingBox","name":"btn3_boundingBox11","subType":"polygon","vertices":[-50,-55.67,-50,44.33,50,44.33,50,-55.67]}]},{"name":"btn4","display":[{"type":"boundingBox","name":"btn3_boundingBox1","subType":"polygon","vertices":[-50,-56.82,-50,43.18,50,43.18,50,-56.82]}]}]}],"animation":[{"duration":0,"playTimes":0,"name":"newAnimation"}],"defaultActions":[{"gotoAndPlay":"newAnimation"}]},{"type":"Armature","frameRate":24,"name":"sc6Renwu1","aabb":{"x":-375,"y":-675.34,"width":750,"height":1485},"bone":[{"name":"root","transform":{"y":67.16}},{"name":"xiangl1","parent":"root"},{"name":"xiangl2","parent":"root"},{"name":"xiangl3","parent":"root","transform":{"x":-1.56}},{"name":"xiangl4","parent":"root"},{"name":"xiangl5","parent":"root"},{"name":"ershi1","parent":"root"},{"name":"ershi2","parent":"root"},{"name":"ershi3","parent":"root"},{"name":"ershi5","parent":"root"},{"name":"shoul1","parent":"root"},{"name":"shoul2","parent":"root"},{"name":"shoul3","parent":"root"},{"name":"shoul4","parent":"root"},{"name":"shoul5","parent":"root"},{"name":"jiezhi1","parent":"root"},{"name":"jiezhi2","parent":"root"},{"name":"jiezhi3","parent":"root"},{"name":"jiezhi4","parent":"root"},{"name":"jiezhi5","parent":"root"},{"name":"ershi4","parent":"root"}],"slot":[{"name":"人物1","parent":"root"},{"name":"xiangl1","parent":"xiangl1"},{"name":"xiangl2","parent":"xiangl2"},{"name":"j5","parent":"jiezhi5"},{"name":"x3","parent":"xiangl3"},{"name":"x4","parent":"xiangl4"},{"name":"x5","parent":"xiangl5"},{"name":"ershi1","parent":"ershi1"},{"name":"e5","parent":"ershi2"},{"name":"e1","parent":"ershi3"},{"name":"e3","parent":"ershi4"},{"name":"e4","parent":"ershi5"},{"name":"j1","parent":"jiezhi1"},{"name":"j2","parent":"jiezhi2"},{"name":"j3","parent":"jiezhi3"},{"name":"j4","parent":"jiezhi4"},{"name":"shoul1","parent":"shoul1"},{"name":"shuol3","parent":"shoul3"},{"name":"shoul4","parent":"shoul4"},{"name":"shoul5","parent":"shoul5"},{"name":"shoul2","parent":"shoul2"}],"skin":[{"slot":[{"name":"j2","display":[{"name":"j2","transform":{"x":302.75,"y":-284.06},"path":"renwu5/c02"}]},{"name":"xiangl1","display":[{"name":"x1","transform":{"x":37.33,"y":-385.74},"path":"renwu5/a01"}]},{"name":"shoul2","display":[{"name":"s2","transform":{"x":253.68,"y":-147.77},"path":"renwu5/b02"}]},{"name":"j1","display":[{"name":"j1","transform":{"x":301.18,"y":-283.23},"path":"renwu5/c01"}]},{"name":"e4","display":[{"name":"e4","transform":{"x":70.91,"y":-511.78},"path":"renwu5/d05"}]},{"name":"shoul4","display":[{"name":"s4","transform":{"x":254.49,"y":-151.25},"path":"renwu5/b04"}]},{"name":"e1","display":[{"name":"e1","transform":{"x":71.54,"y":-513.68},"path":"renwu5/d03"}]},{"name":"人物1","display":[{"name":"人物1","path":"renwu5/renwu5"}]},{"name":"ershi1","display":[{"name":"e2","transform":{"x":70.18,"y":-512.44},"path":"renwu5/d01"}]},{"name":"j4","display":[{"name":"j4","transform":{"x":304.01,"y":-283.14},"path":"renwu5/c04"}]},{"name":"j3","display":[{"name":"j3","transform":{"x":303.62,"y":-283.58},"path":"renwu5/c03"}]},{"name":"x4","display":[{"name":"x4","transform":{"x":48.88,"y":-396.21},"path":"renwu5/a04"}]},{"name":"shoul1","display":[{"name":"s1","transform":{"x":251.35,"y":-143.91},"path":"renwu5/b01"}]},{"name":"x3","display":[{"name":"x3","transform":{"x":43.99,"y":-395.09},"path":"renwu5/a03"}]},{"name":"j5","display":[{"name":"j5","transform":{"x":301.87,"y":-284.28},"path":"renwu5/c05"}]},{"name":"e3","display":[{"name":"e3","transform":{"x":69.7,"y":-513.21,"scX":1.1057,"scY":1.1057},"path":"renwu5/d04"}]},{"name":"xiangl2","display":[{"name":"x2","transform":{"x":40.35,"y":-387.69},"path":"renwu5/a02"}]},{"name":"shuol3","display":[{"name":"s3","transform":{"x":253.66,"y":-155.68},"path":"renwu5/b03"}]},{"name":"e5","display":[{"name":"e5","transform":{"x":69.79,"y":-511.01},"path":"renwu5/d02"}]},{"name":"shoul5","display":[{"name":"s5","transform":{"x":254.54,"y":-155.98},"path":"renwu5/b05"}]},{"name":"x5","display":[{"name":"x5","transform":{"x":46.06,"y":-375.37},"path":"renwu5/a05"}]}]}],"animation":[{"duration":0,"playTimes":0,"name":"renwubg"}],"defaultActions":[{"gotoAndPlay":"renwubg"}]},{"type":"Armature","frameRate":24,"name":"sc6Ebtn_1","aabb":{"x":3.47,"y":1.27,"width":128,"height":654},"bone":[{"name":"root","transform":{"x":67.2257,"y":327.7251}},{"name":"btn4","parent":"root","transform":{"y":125.6087}},{"name":"btn5","parent":"root","transform":{"y":241.5902}},{"name":"btn3","parent":"root"},{"name":"btn2","parent":"root"},{"name":"btn1","parent":"root"}],"slot":[{"name":"btn1","parent":"btn1"},{"name":"btn2","parent":"btn2"},{"name":"btn3","parent":"btn3"},{"name":"btn4","parent":"btn4"},{"name":"btn5","parent":"btn5"},{"name":"gdghgkjhj手链","parent":"root"}],"skin":[{"slot":[{"name":"btn1","display":[{"type":"boundingBox","name":"btn1_boundingBox","subType":"polygon","vertices":[-50,-285.31,-50,-185.31,50,-185.31,50,-285.31]}]},{"name":"btn4","display":[{"type":"boundingBox","name":"btn3_boundingBox1","subType":"polygon","vertices":[-50,-47.62,-50,52.38,50,52.38,50,-47.62]}]},{"name":"gdghgkjhj手链","display":[{"name":"gdghgkjhj手链","transform":{"x":0.25,"y":0.54}}]},{"name":"btn3","display":[{"type":"boundingBox","name":"btn3_boundingBox","subType":"polygon","vertices":[-50,-47.62,-50,52.38,50,52.38,50,-47.62]}]},{"name":"btn2","display":[{"type":"boundingBox","name":"btn2_boundingBox","subType":"polygon","vertices":[-50,-163.75,-50,-63.75,50,-63.75,50,-163.75]}]},{"name":"btn5","display":[{"type":"boundingBox","name":"btn3_boundingBox11","subType":"polygon","vertices":[-50,-50.98,-50,49.02,50,49.02,50,-50.98]}]}]}],"animation":[{"duration":0,"playTimes":0,"name":"newAnimation"}],"defaultActions":[{"gotoAndPlay":"newAnimation"}]},{"type":"Armature","frameRate":24,"name":"sc6Ebtn_2","aabb":{"x":7.79,"y":2.62,"width":128,"height":654},"bone":[{"name":"root","transform":{"x":70.5857,"y":327.7251}},{"name":"btn4","parent":"root","transform":{"y":125.6087}},{"name":"btn5","parent":"root","transform":{"y":241.5902}},{"name":"btn3","parent":"root"},{"name":"btn2","parent":"root"},{"name":"btn1","parent":"root"}],"slot":[{"name":"btn1","parent":"btn1"},{"name":"btn2","parent":"btn2"},{"name":"btn3","parent":"btn3"},{"name":"btn4","parent":"btn4"},{"name":"btn5","parent":"btn5"},{"name":"gdghgkjhj耳饰","parent":"root"}],"skin":[{"slot":[{"name":"btn5","display":[{"type":"boundingBox","name":"btn3_boundingBox11","subType":"polygon","vertices":[-50,-49.3,-50,50.7,50,50.7,50,-49.3]}]},{"name":"btn1","display":[{"type":"boundingBox","name":"btn1_boundingBox","subType":"polygon","vertices":[-50,-280.27,-50,-180.27,50,-180.27,50,-280.27]}]},{"name":"btn4","display":[{"type":"boundingBox","name":"btn3_boundingBox1","subType":"polygon","vertices":[-50,-47.62,-50,52.38,50,52.38,50,-47.62]}]},{"name":"btn3","display":[{"type":"boundingBox","name":"btn3_boundingBox","subType":"polygon","vertices":[-50,-47.62,-50,52.38,50,52.38,50,-47.62]}]},{"name":"gdghgkjhj耳饰","display":[{"name":"gdghgkjhj耳饰","transform":{"x":1.2,"y":1.89}}]},{"name":"btn2","display":[{"type":"boundingBox","name":"btn2_boundingBox","subType":"polygon","vertices":[-50,-163.75,-50,-63.75,50,-63.75,50,-163.75]}]}]}],"animation":[{"duration":0,"playTimes":0,"name":"newAnimation"}],"defaultActions":[{"gotoAndPlay":"newAnimation"}]},{"type":"Armature","frameRate":24,"name":"sc6Ebtn_3","aabb":{"x":-33.95,"y":-47.27,"width":199,"height":750},"bone":[{"name":"root","transform":{"x":65.5457,"y":327.7251}},{"name":"btn4","parent":"root","transform":{"y":125.6087}},{"name":"btn5","parent":"root","transform":{"y":241.5902}},{"name":"btn3","parent":"root"},{"name":"btn2","parent":"root"},{"name":"btn1","parent":"root"}],"slot":[{"name":"btn1","parent":"btn1"},{"name":"btn2","parent":"btn2"},{"name":"btn3","parent":"btn3"},{"name":"btn4","parent":"btn4"},{"name":"btn5","parent":"btn5"},{"name":"耳饰 拷贝","parent":"root"}],"skin":[{"slot":[{"name":"btn5","display":[{"type":"boundingBox","name":"btn3_boundingBox11","subType":"polygon","vertices":[-50,-56.82,-50,43.18,50,43.18,50,-56.82]}]},{"name":"btn4","display":[{"type":"boundingBox","name":"btn3_boundingBox1","subType":"polygon","vertices":[-50,-53.37,-50,46.63,50,46.63,50,-53.37]}]},{"name":"btn3","display":[{"type":"boundingBox","name":"btn3_boundingBox","subType":"polygon","vertices":[-50,-45.32,-50,54.68,50,54.68,50,-45.32]}]},{"name":"耳饰 拷贝","display":[{"name":"耳饰 拷贝","path":"renwu5/5bt4"}]},{"name":"btn2","display":[{"type":"boundingBox","name":"btn2_boundingBox","subType":"polygon","vertices":[-50,-163.75,-50,-63.75,50,-63.75,50,-163.75]}]},{"name":"btn1","display":[{"type":"boundingBox","name":"btn1_boundingBox","subType":"polygon","vertices":[-50,-279.56,-50,-179.56,50,-179.56,50,-279.56]}]}]}],"animation":[{"duration":0,"playTimes":0,"name":"newAnimation"}],"defaultActions":[{"gotoAndPlay":"newAnimation"}]},{"type":"Armature","frameRate":24,"name":"sc6Ebtn_4","aabb":{"x":9.65,"y":6.49,"width":128,"height":654},"bone":[{"name":"root","transform":{"x":74.3057,"y":339.4051}},{"name":"btn4","parent":"root","transform":{"y":125.6087}},{"name":"btn5","parent":"root","transform":{"y":241.5902}},{"name":"btn3","parent":"root"},{"name":"btn2","parent":"root"},{"name":"btn1","parent":"root"}],"slot":[{"name":"btn1","parent":"btn1"},{"name":"btn2","parent":"btn2"},{"name":"btn3","parent":"btn3"},{"name":"btn4","parent":"btn4"},{"name":"btn5","parent":"btn5"},{"name":"gdghgkjhj戒指","parent":"root"}],"skin":[{"slot":[{"name":"btn2","display":[{"type":"boundingBox","name":"btn2_boundingBox","subType":"polygon","vertices":[-50,-163.75,-50,-63.75,50,-63.75,50,-163.75]}]},{"name":"btn1","display":[{"type":"boundingBox","name":"btn1_boundingBox","subType":"polygon","vertices":[-50,-285.31,-50,-185.31,50,-185.31,50,-285.31]}]},{"name":"btn4","display":[{"type":"boundingBox","name":"btn3_boundingBox1","subType":"polygon","vertices":[-50,-56.82,-50,43.18,50,43.18,50,-56.82]}]},{"name":"gdghgkjhj戒指","display":[{"name":"gdghgkjhj戒指","transform":{"x":-0.66,"y":-5.91}}]},{"name":"btn5","display":[{"type":"boundingBox","name":"btn3_boundingBox11","subType":"polygon","vertices":[-50,-55.67,-50,44.33,50,44.33,50,-55.67]}]},{"name":"btn3","display":[{"type":"boundingBox","name":"btn3_boundingBox","subType":"polygon","vertices":[-50,-47.62,-50,52.38,50,52.38,50,-47.62]}]}]}],"animation":[{"duration":0,"playTimes":0,"name":"newAnimation"}],"defaultActions":[{"gotoAndPlay":"newAnimation"}]}]}