{"width":1024,"imagePath":"huanhuan_tex.png","height":2048,"name":"huanhuan","SubTexture":[{"width":750,"y":1,"height":1624,"name":"人物1","x":1},{"width":101,"y":1,"height":109,"name":"x1","x":910},{"width":61,"y":305,"height":60,"name":"x2","x":910},{"width":55,"y":584,"height":57,"name":"x3","x":910},{"width":45,"y":512,"height":70,"name":"x4","x":910},{"width":78,"y":193,"height":53,"name":"x5","x":910},{"width":9,"y":287,"height":10,"name":"e2","x":984},{"width":27,"y":416,"height":30,"name":"e5","x":980},{"width":8,"y":328,"height":56,"name":"e1","x":1001},{"width":8,"y":287,"height":36,"name":"e3","x":1003},{"width":5,"y":386,"height":17,"name":"e4","x":1008},{"width":24,"y":386,"height":19,"name":"j1","x":982},{"width":26,"y":328,"height":21,"name":"j2","x":973},{"width":25,"y":268,"height":17,"name":"j3","x":984},{"width":25,"y":248,"height":18,"name":"j4","x":984},{"width":28,"y":305,"height":21,"name":"j5","x":973},{"width":91,"y":112,"height":79,"name":"s1","x":910},{"width":74,"y":466,"height":44,"name":"s2","x":910},{"width":68,"y":416,"height":48,"name":"s3","x":910},{"width":72,"y":248,"height":55,"name":"s4","x":910},{"width":70,"y":367,"height":47,"name":"s5","x":910},{"width":141,"y":1627,"height":191,"name":"手链","x":144},{"width":141,"y":1820,"height":191,"name":"耳饰","x":144},{"width":141,"y":1627,"height":191,"name":"项链","x":1},{"width":141,"y":1820,"height":191,"name":"戒指","x":1},{"width":128,"y":657,"height":654,"name":"shoulia","x":753},{"width":128,"y":1313,"height":654,"name":"dfgfd","x":753},{"width":128,"y":657,"height":654,"name":"耳饰 拷贝","x":883},{"width":155,"y":1,"height":654,"name":"sdfsdfds","x":753}]}