{"frameRate":24,"name":"huanhuan","version":"5.5","compatibleVersion":"5.5","armature":[{"type":"Armature","frameRate":24,"name":"sc1Renwu1","aabb":{"x":-375,"y":-812,"width":750,"height":1624},"bone":[{"name":"root"},{"name":"xiangl1","parent":"root"},{"name":"xiangl2","parent":"root"},{"name":"xiangl3","parent":"root","transform":{"x":-1.56}},{"name":"xiangl4","parent":"root"},{"name":"xiangl5","parent":"root"},{"name":"ershi1","parent":"root"},{"name":"ershi2","parent":"root"},{"name":"ershi3","parent":"root"},{"name":"ershi5","parent":"root"},{"name":"shoul1","parent":"root"},{"name":"shoul2","parent":"root"},{"name":"shoul3","parent":"root"},{"name":"shoul4","parent":"root"},{"name":"shoul5","parent":"root"},{"name":"jiezhi1","parent":"root"},{"name":"jiezhi2","parent":"root"},{"name":"jiezhi3","parent":"root"},{"name":"jiezhi4","parent":"root"},{"name":"jiezhi5","parent":"root"},{"name":"ershi4","parent":"root"}],"slot":[{"name":"人物1","parent":"root"},{"name":"x1","parent":"xiangl1"},{"name":"x2","parent":"xiangl2"},{"name":"x3","parent":"xiangl3"},{"name":"x4","parent":"xiangl4"},{"name":"x5","parent":"xiangl5"},{"name":"e2","parent":"ershi1"},{"name":"e5","parent":"ershi2"},{"name":"e1","parent":"ershi3"},{"name":"e3","parent":"ershi4"},{"name":"e4","parent":"ershi5"},{"name":"j1","parent":"jiezhi1"},{"name":"j2","parent":"jiezhi2"},{"name":"j3","parent":"jiezhi3"},{"name":"j4","parent":"jiezhi4"},{"name":"j5","parent":"jiezhi5"},{"name":"s1","parent":"shoul1"},{"name":"s2","parent":"shoul2"},{"name":"s3","parent":"shoul3"},{"name":"s4","parent":"shoul4"},{"name":"s5","parent":"shoul5"}],"skin":[{"slot":[{"name":"x5","display":[{"name":"x5","transform":{"x":161.6,"y":-321.86}}]},{"name":"s5","display":[{"name":"s5","transform":{"x":37.1,"y":315.66}}]},{"name":"e1","display":[{"name":"e1","transform":{"x":211.21,"y":-472.86}}]},{"name":"s2","display":[{"name":"s2","transform":{"x":35.06,"y":316.89}}]},{"name":"x2","display":[{"name":"x2","transform":{"x":156.12,"y":-319.66}}]},{"name":"x1","display":[{"name":"x1","transform":{"x":177.24,"y":-328.29}}]},{"name":"x4","display":[{"name":"x4","transform":{"x":148.81,"y":-308.03}}]},{"name":"j3","display":[{"name":"j3","transform":{"x":-29.34,"y":442.05}}]},{"name":"人物1","display":[{"name":"人物1"}]},{"name":"x3","display":[{"name":"x3","transform":{"x":154.89,"y":-320.01}}]},{"name":"s1","display":[{"name":"s1","transform":{"x":38.29,"y":312.69}}]},{"name":"e5","display":[{"name":"e5","transform":{"x":208.44,"y":-492.69}}]},{"name":"j4","display":[{"name":"j4","transform":{"x":-28.06,"y":442.67}}]},{"name":"e4","display":[{"name":"e4","transform":{"x":211.19,"y":-493.66}}]},{"name":"j2","display":[{"name":"j2","transform":{"x":-28.76,"y":442.72}}]},{"name":"j5","display":[{"name":"j5","transform":{"x":-30.95,"y":446.89}}]},{"name":"e2","display":[{"name":"e2","transform":{"x":211.63,"y":-499.9}}]},{"name":"s4","display":[{"name":"s4","transform":{"x":36.12,"y":313.97}}]},{"name":"j1","display":[{"name":"j1","transform":{"x":-28.73,"y":442.16}}]},{"name":"s3","display":[{"name":"s3","transform":{"x":36.61,"y":314.16}}]},{"name":"e3","display":[{"name":"e3","transform":{"x":211.78,"y":-485.2}}]}]}],"animation":[{"duration":0,"playTimes":0,"name":"renwubg"}],"defaultActions":[{"gotoAndPlay":"renwubg"}]},{"type":"Armature","frameRate":24,"name":"sc1Ybtn","aabb":{"x":-70.5,"y":-95.5,"width":141,"height":191},"bone":[{"name":"root"},{"name":"btn1","parent":"root"},{"name":"btn2","parent":"root"},{"name":"btn3","parent":"root"},{"name":"btn4","parent":"root"}],"slot":[{"name":"btn1","parent":"btn1"},{"name":"btn2","parent":"btn2"},{"name":"btn3","parent":"btn3"},{"name":"btn4","parent":"btn4"}],"skin":[{"slot":[{"name":"btn4","display":[{"name":"戒指"}]},{"name":"btn3","display":[{"name":"项链"}]},{"name":"btn2","display":[{"name":"耳饰"}]},{"name":"btn1","display":[{"name":"手链"}]}]}],"animation":[{"duration":0,"playTimes":0,"name":"newAnimation"}],"defaultActions":[{"gotoAndPlay":"newAnimation"}]},{"type":"Armature","frameRate":24,"name":"sc1Ebtn_1","aabb":{"x":1.55,"y":0.73,"width":128,"height":654},"bone":[{"name":"root","transform":{"x":65.5457,"y":327.7251}},{"name":"btn4","parent":"root","transform":{"y":125.6087}},{"name":"btn5","parent":"root","transform":{"y":241.5902}},{"name":"btn3","parent":"root"},{"name":"btn2","parent":"root"},{"name":"btn1","parent":"root"}],"slot":[{"name":"shoulia","parent":"root"},{"name":"btn1","parent":"btn1"},{"name":"btn2","parent":"btn2"},{"name":"btn3","parent":"btn3"},{"name":"btn4","parent":"btn4"},{"name":"btn5","parent":"btn5"}],"skin":[{"slot":[{"name":"shoulia","display":[{"name":"shoulia"}]},{"name":"btn2","display":[{"type":"boundingBox","name":"btn2_boundingBox","subType":"polygon","vertices":[-50,-163.75,-50,-63.75,50,-63.75,50,-163.75]}]},{"name":"btn5","display":[{"type":"boundingBox","name":"btn3_boundingBox11","subType":"polygon","vertices":[-50,-47.62,-50,52.38,50,52.38,50,-47.62]}]},{"name":"btn1","display":[{"type":"boundingBox","name":"btn1_boundingBox","subType":"polygon","vertices":[-50,-285.31,-50,-185.31,50,-185.31,50,-285.31]}]},{"name":"btn4","display":[{"type":"boundingBox","name":"btn3_boundingBox1","subType":"polygon","vertices":[-50,-47.62,-50,52.38,50,52.38,50,-47.62]}]},{"name":"btn3","display":[{"type":"boundingBox","name":"btn3_boundingBox","subType":"polygon","vertices":[-50,-47.62,-50,52.38,50,52.38,50,-47.62]}]}]}],"animation":[{"duration":0,"playTimes":0,"name":"newAnimation"}],"defaultActions":[{"gotoAndPlay":"newAnimation"}]},{"type":"Armature","frameRate":24,"name":"sc1Ebtn_2","aabb":{"x":1.55,"y":0.73,"width":128,"height":654},"bone":[{"name":"root","transform":{"x":65.5457,"y":327.7251}},{"name":"btn4","parent":"root","transform":{"y":125.6087}},{"name":"btn5","parent":"root","transform":{"y":241.5902}},{"name":"btn3","parent":"root"},{"name":"btn2","parent":"root"},{"name":"btn1","parent":"root"}],"slot":[{"name":"btn1","parent":"btn1"},{"name":"btn2","parent":"btn2"},{"name":"btn3","parent":"btn3"},{"name":"btn4","parent":"btn4"},{"name":"btn5","parent":"btn5"},{"name":"dfgfd","parent":"root"}],"skin":[{"slot":[{"name":"btn4","display":[{"type":"boundingBox","name":"btn3_boundingBox1","subType":"polygon","vertices":[-50,-55.67,-50,44.33,50,44.33,50,-55.67]}]},{"name":"btn5","display":[{"type":"boundingBox","name":"btn3_boundingBox11","subType":"polygon","vertices":[-50,-52.22,-50,47.78,50,47.78,50,-52.22]}]},{"name":"btn2","display":[{"type":"boundingBox","name":"btn2_boundingBox","subType":"polygon","vertices":[-50,-163.75,-50,-63.75,50,-63.75,50,-163.75]}]},{"name":"btn3","display":[{"type":"boundingBox","name":"btn3_boundingBox","subType":"polygon","vertices":[-50,-47.62,-50,52.38,50,52.38,50,-47.62]}]},{"name":"dfgfd","display":[{"name":"dfgfd"}]},{"name":"btn1","display":[{"type":"boundingBox","name":"btn1_boundingBox","subType":"polygon","vertices":[-50,-285.31,-50,-185.31,50,-185.31,50,-285.31]}]}]}],"animation":[{"duration":0,"playTimes":0,"name":"newAnimation"}],"defaultActions":[{"gotoAndPlay":"newAnimation"}]},{"type":"Armature","frameRate":24,"name":"sc1Ebtn_3","aabb":{"x":1.55,"y":0.73,"width":128,"height":654},"bone":[{"name":"root","transform":{"x":65.5457,"y":327.7251}},{"name":"btn4","parent":"root","transform":{"y":125.6087}},{"name":"btn5","parent":"root","transform":{"y":241.5902}},{"name":"btn3","parent":"root"},{"name":"btn2","parent":"root"},{"name":"btn1","parent":"root"}],"slot":[{"name":"btn1","parent":"btn1"},{"name":"btn2","parent":"btn2"},{"name":"btn3","parent":"btn3"},{"name":"btn4","parent":"btn4"},{"name":"btn5","parent":"btn5"},{"name":"耳饰 拷贝","parent":"root"}],"skin":[{"slot":[{"name":"btn1","display":[{"type":"boundingBox","name":"btn1_boundingBox","subType":"polygon","vertices":[-50,-279.56,-50,-179.56,50,-179.56,50,-279.56]}]},{"name":"btn2","display":[{"type":"boundingBox","name":"btn2_boundingBox","subType":"polygon","vertices":[-50,-163.75,-50,-63.75,50,-63.75,50,-163.75]}]},{"name":"btn3","display":[{"type":"boundingBox","name":"btn3_boundingBox","subType":"polygon","vertices":[-50,-45.32,-50,54.68,50,54.68,50,-45.32]}]},{"name":"btn4","display":[{"type":"boundingBox","name":"btn3_boundingBox1","subType":"polygon","vertices":[-50,-53.37,-50,46.63,50,46.63,50,-53.37]}]},{"name":"btn5","display":[{"type":"boundingBox","name":"btn3_boundingBox11","subType":"polygon","vertices":[-50,-56.82,-50,43.18,50,43.18,50,-56.82]}]},{"name":"耳饰 拷贝","display":[{"name":"耳饰 拷贝"}]}]}],"animation":[{"duration":0,"playTimes":0,"name":"newAnimation"}],"defaultActions":[{"gotoAndPlay":"newAnimation"}]},{"type":"Armature","frameRate":24,"name":"sc1Ebtn_4","aabb":{"x":1.25,"y":0.9,"width":155,"height":654},"bone":[{"name":"root","transform":{"x":65.5457,"y":327.7251}},{"name":"btn4","parent":"root","transform":{"y":125.6087}},{"name":"btn5","parent":"root","transform":{"y":241.5902}},{"name":"btn3","parent":"root"},{"name":"btn2","parent":"root"},{"name":"btn1","parent":"root"}],"slot":[{"name":"btn1","parent":"btn1"},{"name":"btn2","parent":"btn2"},{"name":"btn3","parent":"btn3"},{"name":"btn4","parent":"btn4"},{"name":"btn5","parent":"btn5"},{"name":"sdfsdfds","parent":"root"}],"skin":[{"slot":[{"name":"btn1","display":[{"type":"boundingBox","name":"btn1_boundingBox","subType":"polygon","vertices":[-50,-285.31,-50,-185.31,50,-185.31,50,-285.31]}]},{"name":"btn2","display":[{"type":"boundingBox","name":"btn2_boundingBox","subType":"polygon","vertices":[-50,-163.75,-50,-63.75,50,-63.75,50,-163.75]}]},{"name":"btn3","display":[{"type":"boundingBox","name":"btn3_boundingBox","subType":"polygon","vertices":[-50,-47.62,-50,52.38,50,52.38,50,-47.62]}]},{"name":"btn4","display":[{"type":"boundingBox","name":"btn3_boundingBox1","subType":"polygon","vertices":[-50,-56.82,-50,43.18,50,43.18,50,-56.82]}]},{"name":"btn5","display":[{"type":"boundingBox","name":"btn3_boundingBox11","subType":"polygon","vertices":[-50,-55.67,-50,44.33,50,44.33,50,-55.67]}]},{"name":"sdfsdfds","display":[{"name":"sdfsdfds","transform":{"x":13.2,"y":0.17}}]}]}],"animation":[{"duration":0,"playTimes":0,"name":"newAnimation"}],"defaultActions":[{"gotoAndPlay":"newAnimation"}]}]}