{"SubTexture":[{"width":141,"y":1821,"height":191,"name":"手链","x":616},{"width":141,"y":1628,"height":191,"name":"耳饰","x":616},{"width":141,"y":1812,"height":191,"name":"项链","x":473},{"width":141,"y":1812,"height":191,"name":"戒指","x":330},{"width":750,"y":2,"height":1624,"name":"人物2","x":2},{"width":11,"y":2027,"height":10,"name":"人物2e_1","x":1322},{"width":16,"y":1979,"height":59,"name":"人物2e_2","x":1029},{"width":11,"y":2014,"height":11,"name":"人物2e_3","x":1322},{"width":4,"y":2027,"height":19,"name":"人物2e_4","x":1021},{"width":12,"y":1800,"height":10,"name":"人物2e_5","x":498},{"width":26,"y":641,"height":15,"name":"人物2j_1","x":1991},{"width":23,"y":1893,"height":17,"name":"人物2j_2","x":1481},{"width":24,"y":432,"height":18,"name":"人物2j_3","x":2018},{"width":25,"y":2027,"height":16,"name":"人物2j_4","x":939},{"width":29,"y":536,"height":15,"name":"人物2j_5","x":2009},{"width":75,"y":2006,"height":29,"name":"人物2s_1","x":1734},{"width":76,"y":1970,"height":76,"name":"人物2s_2","x":1834},{"width":77,"y":1756,"height":42,"name":"人物2s_3","x":498},{"width":78,"y":2006,"height":37,"name":"人物2s_4","x":1581},{"width":69,"y":1766,"height":31,"name":"人物2s_5","x":914},{"width":110,"y":1628,"height":134,"name":"人物2x_1","x":1076},{"width":99,"y":257,"height":96,"name":"人物2x_3","x":1920},{"width":96,"y":355,"height":96,"name":"人物2x_4","x":1920},{"width":114,"y":1628,"height":126,"name":"人物2x_5","x":498},{"width":128,"y":658,"height":659,"name":"人物2x_z","x":1506},{"width":128,"y":1314,"height":654,"name":"人物2s_z","x":1636},{"width":128,"y":1319,"height":654,"name":"人物2j_z","x":1506},{"width":128,"y":2,"height":654,"name":"人物2e_z","x":1790},{"width":212,"y":2005,"height":32,"name":"人物3e_1","x":330},{"width":194,"y":1979,"height":35,"name":"人物3e_2","x":759},{"width":202,"y":2016,"height":21,"name":"人物3e_3","x":735},{"width":189,"y":2014,"height":24,"name":"人物3e_4","x":544},{"width":196,"y":1970,"height":34,"name":"人物3e_5","x":1636},{"width":21,"y":2027,"height":17,"name":"人物3j_1","x":966},{"width":22,"y":641,"height":15,"name":"人物3j_2","x":2019},{"width":20,"y":1796,"height":11,"name":"人物3j_3","x":577},{"width":19,"y":2027,"height":17,"name":"人物3j_4","x":989},{"width":19,"y":2032,"height":14,"name":"人物3j_5","x":1468},{"width":152,"y":1878,"height":157,"name":"人物3x_1","x":2},{"width":131,"y":1914,"height":126,"name":"人物3x_2","x":1335},{"width":153,"y":1628,"height":172,"name":"人物3x_3","x":759},{"width":122,"y":2,"height":142,"name":"人物3x_4","x":1920},{"width":128,"y":658,"height":654,"name":"人物3e_z","x":1766},{"width":128,"y":658,"height":654,"name":"人物3x_z","x":1636},{"width":128,"y":1314,"height":654,"name":"人物3j_z","x":1766},{"width":128,"y":2,"height":654,"name":"人物4s_z","x":1660},{"width":11,"y":1800,"height":10,"name":"人物4e_1","x":512},{"width":9,"y":2016,"height":9,"name":"人物4e_2","x":939},{"width":9,"y":1998,"height":14,"name":"人物4e_3","x":1322},{"width":11,"y":1983,"height":13,"name":"人物4e_4","x":1322},{"width":9,"y":2027,"height":19,"name":"人物4e_5","x":1010},{"width":17,"y":1628,"height":35,"name":"人物4j_1","x":1486},{"width":23,"y":394,"height":36,"name":"人物4j_3","x":2018},{"width":22,"y":1975,"height":29,"name":"人物4j_4","x":1581},{"width":22,"y":1800,"height":27,"name":"人物4j_5","x":1481},{"width":73,"y":1975,"height":44,"name":"人物4s_3","x":1506},{"width":71,"y":2006,"height":40,"name":"人物4s_4","x":1661},{"width":72,"y":1979,"height":46,"name":"人物4s_5","x":955},{"width":135,"y":1779,"height":146,"name":"人物4x_1","x":1198},{"width":139,"y":1927,"height":113,"name":"人物4x_2","x":1181},{"width":149,"y":1766,"height":145,"name":"人物4x_3","x":1047},{"width":132,"y":1802,"height":175,"name":"人物4x_5","x":913},{"width":13,"y":1796,"height":13,"name":"人物5e_1","x":599},{"width":13,"y":2032,"height":14,"name":"人物5e_2","x":1489},{"width":10,"y":1958,"height":23,"name":"人物5e_3","x":1322},{"width":7,"y":231,"height":23,"name":"人物5e_4","x":2011},{"width":10,"y":1680,"height":11,"name":"人物5e_5","x":1486},{"width":24,"y":355,"height":37,"name":"人物5j_1","x":2018},{"width":24,"y":1766,"height":33,"name":"人物5j_2","x":1011},{"width":23,"y":264,"height":33,"name":"人物5j_3","x":2021},{"width":21,"y":2006,"height":32,"name":"人物5j_4","x":1811},{"width":24,"y":1766,"height":33,"name":"人物5j_5","x":985},{"width":36,"y":1914,"height":116,"name":"人物5s_1","x":1468},{"width":31,"y":146,"height":83,"name":"人物5s_2","x":2011},{"width":37,"y":453,"height":81,"name":"人物5s_4","x":2009},{"width":154,"y":1628,"height":238,"name":"人物5x_1","x":160},{"width":156,"y":1628,"height":248,"name":"人物5x_2","x":2},{"width":152,"y":1802,"height":171,"name":"人物5x_4","x":759},{"width":132,"y":1913,"height":129,"name":"人物5x_5","x":1047},{"width":128,"y":1314,"height":654,"name":"人物5j_z","x":1896},{"width":55,"y":553,"height":86,"name":"人物1s_3","x":1991},{"width":7,"y":1790,"height":10,"name":"人物1e_2","x":1037},{"width":69,"y":553,"height":92,"name":"人物1s_4","x":1920},{"width":12,"y":1665,"height":13,"name":"人物1e_4","x":1486},{"width":25,"y":231,"height":31,"name":"人物1j_1","x":2021},{"width":168,"y":1868,"height":173,"name":"人物1x_1","x":160},{"width":19,"y":1829,"height":31,"name":"人物1j_3","x":1481},{"width":160,"y":1628,"height":136,"name":"人物1x_2","x":914},{"width":20,"y":1862,"height":29,"name":"人物1j_5","x":1481},{"width":138,"y":1769,"height":143,"name":"人物1x_3","x":1341},{"width":7,"y":2021,"height":24,"name":"人物1e_1","x":1572},{"width":180,"y":1628,"height":182,"name":"人物1x_4","x":316},{"width":9,"y":1927,"height":29,"name":"人物1e_5","x":1322},{"width":21,"y":1769,"height":29,"name":"人物1j_4","x":1481},{"width":9,"y":1693,"height":12,"name":"人物1e_3","x":1486},{"width":89,"y":146,"height":109,"name":"人物1s_1","x":1920},{"width":25,"y":299,"height":30,"name":"人物1j_2","x":2021},{"width":152,"y":2,"height":654,"name":"人物1x_z","x":1506},{"frameX":-34,"frameHeight":736,"y":658,"frameY":-32,"frameWidth":192,"width":128,"height":654,"name":"项链_1","x":1896},{"width":750,"y":2,"height":1624,"name":"人物","x":754},{"frameX":-37,"frameHeight":181,"y":1628,"frameY":-21,"frameWidth":192,"width":141,"height":149,"name":"2","x":1198},{"frameX":-36,"frameHeight":181,"y":1628,"frameY":-23,"frameWidth":192,"width":143,"height":139,"name":"4","x":1341},{"frameX":-12,"frameHeight":110,"y":453,"frameY":-12,"frameWidth":110,"width":87,"height":98,"name":"s1","x":1920},{"frameX":-30,"frameHeight":110,"y":1970,"frameY":-20,"frameWidth":110,"width":62,"height":75,"name":"s4","x":1912},{"frameX":-32,"frameHeight":110,"y":1970,"frameY":-22,"frameWidth":110,"width":63,"height":72,"name":"s5","x":1976},{"frameX":0,"frameHeight":80,"y":331,"frameY":-31,"frameWidth":51,"width":25,"height":20,"name":"j1","x":2021},{"frameX":-5,"frameHeight":80,"y":2021,"frameY":-32,"frameWidth":51,"width":22,"height":22,"name":"j2","x":1506},{"frameX":0,"frameHeight":80,"y":1975,"frameY":-28,"frameWidth":51,"width":24,"height":26,"name":"j3","x":1605},{"frameX":-4,"frameHeight":80,"y":2021,"frameY":-32,"frameWidth":51,"width":19,"height":22,"name":"j4","x":1551},{"frameX":-7,"frameHeight":80,"y":2021,"frameY":-28,"frameWidth":51,"width":19,"height":25,"name":"j5","x":1530},{"frameX":-27,"frameHeight":109,"y":1628,"frameY":-19,"frameWidth":64,"width":8,"height":56,"name":"e1","x":1188},{"frameX":-25,"frameHeight":109,"y":1913,"frameY":-13,"frameWidth":64,"width":15,"height":11,"name":"e2","x":1181},{"frameX":-23,"frameHeight":109,"y":1812,"frameY":-18,"frameWidth":64,"width":10,"height":46,"name":"e3","x":316},{"frameX":-28,"frameHeight":109,"y":1766,"frameY":-19,"frameWidth":64,"width":7,"height":22,"name":"e4","x":1037},{"frameX":-11,"frameHeight":109,"y":1756,"frameY":-13,"frameWidth":64,"width":34,"height":38,"name":"e5","x":577}],"width":2048,"height":2048,"name":"huanhuan","imagePath":"huanhuan_tex_0.png"}