{"SubTexture":[{"width":132,"y":1628,"height":79,"name":"人物2x_2","x":412},{"width":33,"y":1970,"height":64,"name":"人物3s_1","x":438},{"width":36,"y":1900,"height":66,"name":"人物3s_2","x":363},{"width":30,"y":1900,"height":67,"name":"人物3s_3","x":280},{"width":41,"y":1970,"height":62,"name":"人物3s_4","x":363},{"width":35,"y":1900,"height":66,"name":"人物3s_5","x":438},{"width":131,"y":1777,"height":146,"name":"人物3x_5","x":147},{"width":128,"y":1314,"height":654,"name":"人物3s_z","x":1506},{"width":128,"y":1314,"height":654,"name":"人物4e_z","x":1636},{"width":128,"y":2,"height":654,"name":"人物4x_z","x":1896},{"width":128,"y":658,"height":654,"name":"人物4j_z","x":1766},{"width":750,"y":2,"height":1624,"name":"人物4","x":754},{"width":25,"y":2014,"height":30,"name":"人物4j_2","x":313},{"width":76,"y":1925,"height":42,"name":"人物4s_1","x":189},{"width":71,"y":1709,"height":45,"name":"人物4s_2","x":412},{"width":131,"y":1628,"height":150,"name":"人物4x_4","x":2},{"width":750,"y":2,"height":1624,"name":"人物5","x":2},{"width":29,"y":1900,"height":79,"name":"人物5s_3","x":475},{"width":30,"y":1900,"height":78,"name":"人物5s_5","x":406},{"width":131,"y":1628,"height":147,"name":"人物5x_3","x":135},{"width":128,"y":658,"height":654,"name":"人物5s_z","x":1896},{"width":128,"y":2,"height":654,"name":"人物5e_z","x":1766},{"width":128,"y":2,"height":654,"name":"人物5x_z","x":1636},{"width":48,"y":1925,"height":87,"name":"人物1s_2","x":313},{"width":53,"y":1925,"height":88,"name":"人物1s_5","x":134},{"width":142,"y":1628,"height":134,"name":"人物1x_5","x":268},{"width":128,"y":658,"height":654,"name":"人物1s_z","x":1506},{"width":128,"y":2,"height":654,"name":"人物1j_z","x":1506},{"frameX":-31,"frameHeight":736,"y":658,"frameY":-58,"frameWidth":192,"width":128,"height":654,"name":"手链_1","x":1636},{"frameX":-31,"frameHeight":736,"y":1314,"frameY":-41,"frameWidth":192,"width":128,"height":654,"name":"耳饰_1","x":1766},{"frameX":-32,"frameHeight":736,"y":1314,"frameY":-42,"frameWidth":192,"width":128,"height":654,"name":"戒指_1","x":1896},{"frameX":-33,"frameHeight":181,"y":1764,"frameY":-29,"frameWidth":192,"width":138,"height":134,"name":"1","x":280},{"frameX":-36,"frameHeight":181,"y":1780,"frameY":-23,"frameWidth":192,"width":143,"height":137,"name":"3","x":2},{"frameX":-38,"frameHeight":181,"y":1919,"frameY":-26,"frameWidth":192,"width":130,"height":115,"name":"5","x":2},{"frameX":-23,"frameHeight":110,"y":1970,"frameY":-28,"frameWidth":110,"width":58,"height":74,"name":"s2","x":253},{"frameX":-34,"frameHeight":110,"y":1970,"frameY":-20,"frameWidth":110,"width":62,"height":73,"name":"s3","x":189}],"width":2048,"height":2048,"name":"huanhuan","imagePath":"huanhuan_tex_1.png"}