{"frameRate":24,"name":"huanhuan","version":"5.5","compatibleVersion":"5.5","armature":[{"type":"Armature","frameRate":24,"name":"sc1Ybtn","aabb":{"x":-70.5,"y":-95.5,"width":141,"height":191},"bone":[{"name":"root"},{"name":"btn1","parent":"root"},{"name":"btn2","parent":"root"},{"name":"btn3","parent":"root"},{"name":"btn4","parent":"root"}],"slot":[{"name":"btn1","parent":"btn1"},{"name":"btn2","parent":"btn2"},{"name":"btn3","parent":"btn3"},{"name":"btn4","parent":"btn4"}],"skin":[{"slot":[{"name":"btn4","display":[{"name":"戒指"}]},{"name":"btn1","display":[{"name":"手链"}]},{"name":"btn2","display":[{"name":"耳饰"}]},{"name":"btn3","display":[{"name":"项链"}]}]}],"animation":[{"duration":0,"playTimes":0,"name":"newAnimation"}],"defaultActions":[{"gotoAndPlay":"newAnimation"}]},{"type":"Armature","frameRate":24,"name":"sc2Renwu1","aabb":{"x":-372.34,"y":-812.27,"width":750,"height":1624},"bone":[{"name":"root","transform":{"y":-2.92}},{"name":"xiangl1","parent":"root"},{"name":"xiangl2","parent":"root"},{"name":"xiangl3","parent":"root","transform":{"x":-1.56}},{"name":"xiangl4","parent":"root","transform":{"skX":0.2185,"skY":0.2185}},{"name":"xiangl5","parent":"root"},{"name":"ershi1","parent":"root"},{"name":"ershi2","parent":"root"},{"name":"ershi3","parent":"root"},{"name":"ershi5","parent":"root"},{"name":"shoul1","parent":"root"},{"name":"shoul2","parent":"root"},{"name":"shoul3","parent":"root"},{"name":"shoul4","parent":"root"},{"name":"shoul5","parent":"root"},{"name":"jiezhi1","parent":"root"},{"name":"jiezhi2","parent":"root"},{"name":"jiezhi3","parent":"root"},{"name":"jiezhi4","parent":"root"},{"name":"jiezhi5","parent":"root"},{"name":"ershi4","parent":"root"}],"slot":[{"name":"人物2","parent":"root"},{"name":"人物2e_1","parent":"ershi1"},{"name":"人物2e_2","parent":"ershi2"},{"name":"人物2e_3","parent":"ershi3"},{"name":"人物2e_4","parent":"ershi4"},{"name":"人物2e_5","parent":"ershi5"},{"name":"人物2j_1","parent":"jiezhi1"},{"name":"人物2j_2","parent":"jiezhi2"},{"name":"人物2j_3","parent":"jiezhi3"},{"name":"人物2j_4","parent":"jiezhi4"},{"name":"人物2j_5","parent":"jiezhi5"},{"name":"人物2s_1","parent":"shoul1"},{"name":"人物2s_2","parent":"shoul2"},{"name":"人物2s_3","parent":"shoul3"},{"name":"人物2s_4","parent":"shoul4"},{"name":"人物2s_5","parent":"shoul5"},{"name":"人物2x_1","parent":"xiangl1"},{"name":"人物2x_2","parent":"xiangl2"},{"name":"人物2x_3","parent":"xiangl3"},{"name":"人物2x_4","parent":"xiangl4"},{"name":"人物2x_5","parent":"xiangl5"}],"skin":[{"slot":[{"name":"人物2e_3","display":[{"name":"人物2e_3","transform":{"x":9.13,"y":-386.31}}]},{"name":"人物2","display":[{"name":"人物2","transform":{"x":2.66,"y":2.65}}]},{"name":"人物2j_4","display":[{"name":"人物2j_4","transform":{"x":265.31,"y":-302.08}}]},{"name":"人物2e_2","display":[{"name":"人物2e_2","transform":{"x":9.05,"y":-364.66}}]},{"name":"人物2s_1","display":[{"name":"人物2s_1","transform":{"x":289.04,"y":-159.45}}]},{"name":"人物2e_4","display":[{"name":"人物2e_4","transform":{"x":10.95,"y":-379.45}}]},{"name":"人物2s_3","display":[{"name":"人物2s_3","transform":{"x":290.13,"y":-155.89}}]},{"name":"人物2e_5","display":[{"name":"人物2e_5","transform":{"x":10.6,"y":-384.96}}]},{"name":"人物2j_1","display":[{"name":"人物2j_1","transform":{"x":265.32,"y":-310.4}}]},{"name":"人物2s_5","display":[{"name":"人物2s_5","transform":{"x":289.74,"y":-161.37}}]},{"name":"人物2j_2","display":[{"name":"人物2j_2","transform":{"x":265.35,"y":-307.95}}]},{"name":"人物2j_3","display":[{"name":"人物2j_3","transform":{"x":264.51,"y":-309.48}}]},{"name":"人物2x_1","display":[{"name":"人物2x_1","transform":{"x":114.31,"y":-232.11}}]},{"name":"人物2x_2","display":[{"name":"人物2x_2","transform":{"x":128.95,"y":-251.53}}]},{"name":"人物2j_5","display":[{"name":"人物2j_5","transform":{"x":264.49,"y":-305.38}}]},{"name":"人物2x_3","display":[{"name":"人物2x_3","transform":{"x":99.77,"y":-233.93}}]},{"name":"人物2x_4","display":[{"name":"人物2x_4","transform":{"x":97.89,"y":-247.02,"skX":-0.22,"skY":-0.22}}]},{"name":"人物2s_2","display":[{"name":"人物2s_2","transform":{"x":285.84,"y":-154.83}}]},{"name":"人物2x_5","display":[{"name":"人物2x_5","transform":{"x":115.54,"y":-239.22}}]},{"name":"人物2e_1","display":[{"name":"人物2e_1","transform":{"x":12.05,"y":-386.24}}]},{"name":"人物2s_4","display":[{"name":"人物2s_4","transform":{"x":286.08,"y":-169.91}}]}]}],"animation":[{"duration":0,"playTimes":0,"name":"renwubg"}],"defaultActions":[{"gotoAndPlay":"renwubg"}]},{"type":"Armature","frameRate":24,"name":"sc2Ebtn_3","aabb":{"x":4.06,"y":-0.06,"width":128,"height":659},"bone":[{"name":"root","transform":{"x":65.5457,"y":327.7251}},{"name":"btn4","parent":"root","transform":{"y":125.6087}},{"name":"btn5","parent":"root","transform":{"y":241.5902}},{"name":"btn3","parent":"root"},{"name":"btn2","parent":"root"},{"name":"btn1","parent":"root"}],"slot":[{"name":"btn1","parent":"btn1"},{"name":"btn2","parent":"btn2"},{"name":"btn3","parent":"btn3"},{"name":"btn4","parent":"btn4"},{"name":"btn5","parent":"btn5"},{"name":"人物2x_z","parent":"root"}],"skin":[{"slot":[{"name":"btn5","display":[{"type":"boundingBox","name":"btn3_boundingBox11","subType":"polygon","vertices":[-40.94,-56.82,-39.44,50.78,60.56,50.78,59.06,-56.82]}]},{"name":"btn2","display":[{"type":"boundingBox","name":"btn2_boundingBox","subType":"polygon","vertices":[-45.47,-160.73,-45.47,-60.73,54.53,-60.73,54.53,-160.73]}]},{"name":"btn3","display":[{"type":"boundingBox","name":"btn3_boundingBox","subType":"polygon","vertices":[-36.37,-42.3,-36.42,62.25,51.48,63.8,51.53,-40.75]}]},{"name":"btn4","display":[{"type":"boundingBox","name":"btn3_boundingBox1","subType":"polygon","vertices":[-40.95,-54.87,-37.65,53.78,57.85,55.28,54.55,-53.37]}]},{"name":"btn1","display":[{"type":"boundingBox","name":"btn1_boundingBox","subType":"polygon","vertices":[-39.42,-279.56,-39.42,-171.96,54.53,-171.96,54.53,-279.56]}]},{"name":"人物2x_z","display":[{"name":"人物2x_z","transform":{"x":2.52,"y":1.72}}]}]}],"animation":[{"duration":0,"playTimes":0,"name":"newAnimation"}],"defaultActions":[{"gotoAndPlay":"newAnimation"}]},{"type":"Armature","frameRate":24,"name":"sc2Ebtn_1","aabb":{"x":4.14,"y":5.44,"width":128,"height":654},"bone":[{"name":"root","transform":{"x":64.0357,"y":327.7251}},{"name":"btn4","parent":"root","transform":{"x":-1.51,"y":125.6087}},{"name":"btn5","parent":"root","transform":{"y":241.5902}},{"name":"btn3","parent":"root"},{"name":"btn2","parent":"root"},{"name":"btn1","parent":"root"}],"slot":[{"name":"btn1","parent":"btn1"},{"name":"btn2","parent":"btn2"},{"name":"btn3","parent":"btn3"},{"name":"btn4","parent":"btn4"},{"name":"btn5","parent":"btn5"},{"name":"人物2s_z","parent":"root"}],"skin":[{"slot":[{"name":"btn1","display":[{"type":"boundingBox","name":"btn1_boundingBox","subType":"polygon","vertices":[-42.45,-282.29,-42.45,-182.29,57.55,-182.29,57.55,-282.29]}]},{"name":"btn2","display":[{"type":"boundingBox","name":"btn2_boundingBox","subType":"polygon","vertices":[-43.96,-163.75,-43.96,-63.75,56.04,-63.75,56.04,-163.75]}]},{"name":"btn3","display":[{"type":"boundingBox","name":"btn3_boundingBox","subType":"polygon","vertices":[-43.96,-44.6,-43.96,55.4,56.04,55.4,56.04,-44.6]}]},{"name":"btn4","display":[{"type":"boundingBox","name":"btn3_boundingBox1","subType":"polygon","vertices":[-42.45,-47.62,-42.45,52.38,57.55,52.38,57.55,-47.62]}]},{"name":"btn5","display":[{"type":"boundingBox","name":"btn3_boundingBox11","subType":"polygon","vertices":[-43.96,-47.62,-43.96,52.38,56.04,52.38,56.04,-47.62]}]},{"name":"人物2s_z","display":[{"name":"人物2s_z","transform":{"x":4.1,"y":4.72}}]}]}],"animation":[{"duration":0,"playTimes":0,"name":"newAnimation"}],"defaultActions":[{"gotoAndPlay":"newAnimation"}]},{"type":"Armature","frameRate":24,"name":"sc2Ebtn_4","aabb":{"x":7.48,"y":2.88,"width":128,"height":654},"bone":[{"name":"root","transform":{"x":65.5457,"y":327.7251}},{"name":"btn4","parent":"root","transform":{"y":125.6087}},{"name":"btn5","parent":"root","transform":{"y":241.5902}},{"name":"btn3","parent":"root"},{"name":"btn2","parent":"root"},{"name":"btn1","parent":"root"}],"slot":[{"name":"btn1","parent":"btn1"},{"name":"btn2","parent":"btn2"},{"name":"btn3","parent":"btn3"},{"name":"btn4","parent":"btn4"},{"name":"btn5","parent":"btn5"},{"name":"人物2j_z","parent":"root"}],"skin":[{"slot":[{"name":"btn3","display":[{"type":"boundingBox","name":"btn3_boundingBox","subType":"polygon","vertices":[-37.89,-41.55,-37.89,58.45,56.01,58.45,56.01,-41.55]}]},{"name":"btn4","display":[{"type":"boundingBox","name":"btn3_boundingBox1","subType":"polygon","vertices":[-34.9,-52.29,-34.9,47.71,53,47.71,53,-52.29]}]},{"name":"btn5","display":[{"type":"boundingBox","name":"btn3_boundingBox11","subType":"polygon","vertices":[-40.94,-52.65,-40.94,47.35,48.46,50.4,48.46,-49.6]}]},{"name":"人物2j_z","display":[{"name":"人物2j_z","transform":{"x":5.94,"y":2.15}}]},{"name":"btn1","display":[{"type":"boundingBox","name":"btn1_boundingBox","subType":"polygon","vertices":[-42.45,-277.2,-42.45,-177.2,57.55,-177.2,57.55,-277.2]}]},{"name":"btn2","display":[{"type":"boundingBox","name":"btn2_boundingBox","subType":"polygon","vertices":[-42.45,-157.71,-42.45,-57.71,57.55,-57.71,57.55,-157.71]}]}]}],"animation":[{"duration":0,"playTimes":0,"name":"newAnimation"}],"defaultActions":[{"gotoAndPlay":"newAnimation"}]},{"type":"Armature","frameRate":24,"name":"sc2Ebtn_2","aabb":{"x":4.33,"y":4.97,"width":128,"height":654},"bone":[{"name":"root","transform":{"x":65.5457,"y":327.7251}},{"name":"btn4","parent":"root","transform":{"y":125.6087}},{"name":"btn5","parent":"root","transform":{"y":241.5902}},{"name":"btn3","parent":"root"},{"name":"btn2","parent":"root"},{"name":"btn1","parent":"root"}],"slot":[{"name":"btn1","parent":"btn1"},{"name":"btn2","parent":"btn2"},{"name":"btn3","parent":"btn3"},{"name":"btn4","parent":"btn4"},{"name":"btn5","parent":"btn5"},{"name":"人物2e_z","parent":"root"}],"skin":[{"slot":[{"name":"btn5","display":[{"type":"boundingBox","name":"btn3_boundingBox11","subType":"polygon","vertices":[-48.49,-43.09,-48.49,34.16,57.56,34.16,57.56,-43.09]}]},{"name":"人物2e_z","display":[{"name":"人物2e_z","transform":{"x":2.79,"y":4.25}}]},{"name":"btn1","display":[{"type":"boundingBox","name":"btn1_boundingBox","subType":"polygon","vertices":[-46.96,-265.63,-51.51,-180.78,59.09,-182.28,63.64,-267.13]}]},{"name":"btn2","display":[{"type":"boundingBox","name":"btn2_boundingBox","subType":"polygon","vertices":[-45.47,-154.69,-43.97,-36.49,56.03,-36.49,54.53,-154.69]}]},{"name":"btn3","display":[{"type":"boundingBox","name":"btn3_boundingBox","subType":"polygon","vertices":[-48.86,-17.38,-48.86,65.97,58.74,65.97,58.74,-17.38]}]},{"name":"btn4","display":[{"type":"boundingBox","name":"btn3_boundingBox1","subType":"polygon","vertices":[-48.49,-47.62,-48.49,52.38,51.51,52.38,51.51,-47.62]}]}]}],"animation":[{"duration":0,"playTimes":0,"name":"newAnimation"}],"defaultActions":[{"gotoAndPlay":"newAnimation"}]},{"type":"Armature","frameRate":24,"name":"sc3Renwu1","aabb":{"x":-375,"y":-813.74,"width":750,"height":1624},"bone":[{"name":"root","transform":{"y":67.16}},{"name":"xiangl1","parent":"root"},{"name":"xiangl2","parent":"root"},{"name":"xiangl3","parent":"root","transform":{"x":-1.56}},{"name":"xiangl4","parent":"root"},{"name":"xiangl5","parent":"root"},{"name":"ershi1","parent":"root"},{"name":"ershi2","parent":"root"},{"name":"ershi3","parent":"root"},{"name":"ershi5","parent":"root"},{"name":"shoul1","parent":"root"},{"name":"shoul2","parent":"root"},{"name":"shoul3","parent":"root"},{"name":"shoul4","parent":"root"},{"name":"shoul5","parent":"root"},{"name":"jiezhi1","parent":"root"},{"name":"jiezhi2","parent":"root"},{"name":"jiezhi3","parent":"root"},{"name":"jiezhi4","parent":"root"},{"name":"jiezhi5","parent":"root"},{"name":"ershi4","parent":"root"}],"slot":[{"name":"人物3","parent":"root"},{"name":"人物3e_1","parent":"ershi1"},{"name":"人物3e_2","parent":"ershi2"},{"name":"人物3e_3","parent":"ershi3"},{"name":"人物3e_4","parent":"ershi4"},{"name":"人物3e_5","parent":"ershi5"},{"name":"人物3j_1","parent":"jiezhi1"},{"name":"人物3j_2","parent":"jiezhi2"},{"name":"人物3j_3","parent":"jiezhi3"},{"name":"人物3j_4","parent":"jiezhi4"},{"name":"人物3j_5","parent":"jiezhi5"},{"name":"人物3s_1","parent":"shoul1"},{"name":"人物3s_2","parent":"shoul2"},{"name":"人物3s_3","parent":"shoul3"},{"name":"人物3s_4","parent":"shoul4"},{"name":"人物3s_5","parent":"shoul5"},{"name":"人物3x_1","parent":"xiangl1"},{"name":"人物3x_2","parent":"xiangl2"},{"name":"人物3x_3","parent":"xiangl3"},{"name":"人物3x_4","parent":"xiangl4"},{"name":"人物3x_5","parent":"xiangl5"}],"skin":[{"slot":[{"name":"人物3e_2","display":[{"name":"人物3e_2","transform":{"x":98.68,"y":-495.75}}]},{"name":"人物3s_1","display":[{"name":"人物3s_1","transform":{"x":342.64,"y":-510.76}}]},{"name":"人物3x_4","display":[{"name":"人物3x_4","transform":{"x":102.37,"y":-326.56}}]},{"name":"人物3x_5","display":[{"name":"人物3x_5","transform":{"x":108.93,"y":-327.02}}]},{"name":"人物3e_1","display":[{"name":"人物3e_1","transform":{"x":106.34,"y":-499.63}}]},{"name":"人物3j_1","display":[{"name":"人物3j_1","transform":{"x":199.21,"y":-442.03}}]},{"name":"人物3s_5","display":[{"name":"人物3s_5","transform":{"x":337.29,"y":-508.38}}]},{"name":"人物3j_3","display":[{"name":"人物3j_3","transform":{"x":197.96,"y":-446.7}}]},{"name":"人物3x_1","display":[{"name":"人物3x_1","transform":{"x":117.23,"y":-328.37}}]},{"name":"人物3x_2","display":[{"name":"人物3x_2","transform":{"x":106.65,"y":-333.03}}]},{"name":"人物3j_5","display":[{"name":"人物3j_5","transform":{"x":199.18,"y":-444.93}}]},{"name":"人物3x_3","display":[{"name":"人物3x_3","transform":{"x":109.93,"y":-321.69}}]},{"name":"人物3e_3","display":[{"name":"人物3e_3","transform":{"x":93.05,"y":-503.4}}]},{"name":"人物3s_2","display":[{"name":"人物3s_2","transform":{"x":334.28,"y":-506.25}}]},{"name":"人物3e_5","display":[{"name":"人物3e_5","transform":{"x":97.89,"y":-495.55}}]},{"name":"人物3s_3","display":[{"name":"人物3s_3","transform":{"x":332.86,"y":-506.26}}]},{"name":"人物3s_4","display":[{"name":"人物3s_4","transform":{"x":334.2,"y":-507.56}}]},{"name":"人物3j_2","display":[{"name":"人物3j_2","transform":{"x":199.21,"y":-445.45}}]},{"name":"人物3e_4","display":[{"name":"人物3e_4","transform":{"x":99.8,"y":-500.37}}]},{"name":"人物3","display":[{"name":"人物3","transform":{"y":-68.9}}]},{"name":"人物3j_4","display":[{"name":"人物3j_4","transform":{"x":200.22,"y":-453.63}}]}]}],"animation":[{"duration":0,"playTimes":0,"name":"renwubg"}],"defaultActions":[{"gotoAndPlay":"renwubg"}]},{"type":"Armature","frameRate":24,"name":"sc3Ebtn_1","aabb":{"x":5.64,"y":5.23,"width":128,"height":654},"bone":[{"name":"root","transform":{"x":65.5457,"y":327.7251}},{"name":"btn4","parent":"root","transform":{"y":125.6087}},{"name":"btn5","parent":"root","transform":{"y":241.5902}},{"name":"btn3","parent":"root"},{"name":"btn2","parent":"root"},{"name":"btn1","parent":"root"}],"slot":[{"name":"btn1","parent":"btn1"},{"name":"btn2","parent":"btn2"},{"name":"btn3","parent":"btn3"},{"name":"btn4","parent":"btn4"},{"name":"btn5","parent":"btn5"},{"name":"人物3s_z","parent":"root"}],"skin":[{"slot":[{"name":"人物3s_z","display":[{"name":"人物3s_z","transform":{"x":4.09,"y":4.5}}]},{"name":"btn1","display":[{"type":"boundingBox","name":"btn1_boundingBox","subType":"polygon","vertices":[-45.74,-278.71,-45.74,-178.71,54.26,-178.71,54.26,-278.71]}]},{"name":"btn2","display":[{"type":"boundingBox","name":"btn2_boundingBox","subType":"polygon","vertices":[-45.74,-156.92,-45.74,-56.92,54.26,-56.92,54.26,-156.92]}]},{"name":"btn3","display":[{"type":"boundingBox","name":"btn3_boundingBox","subType":"polygon","vertices":[-45.74,-39.14,-45.74,60.86,54.26,60.86,54.26,-39.14]}]},{"name":"btn4","display":[{"type":"boundingBox","name":"btn3_boundingBox1","subType":"polygon","vertices":[-45.74,-50.23,-45.74,49.77,54.26,49.77,54.26,-50.23]}]},{"name":"btn5","display":[{"type":"boundingBox","name":"btn3_boundingBox11","subType":"polygon","vertices":[-45.74,-51.88,-45.74,48.12,54.26,48.12,54.26,-51.88]}]}]}],"animation":[{"duration":0,"playTimes":0,"name":"newAnimation"}],"defaultActions":[{"gotoAndPlay":"newAnimation"}]},{"type":"Armature","frameRate":24,"name":"sc3Ebtn_2","aabb":{"x":4.49,"y":5.34,"width":128,"height":654},"bone":[{"name":"root","transform":{"x":65.5457,"y":327.7251}},{"name":"btn4","parent":"root","transform":{"y":125.6087}},{"name":"btn5","parent":"root","transform":{"y":241.5902}},{"name":"btn3","parent":"root"},{"name":"btn2","parent":"root"},{"name":"btn1","parent":"root"}],"slot":[{"name":"btn1","parent":"btn1"},{"name":"btn2","parent":"btn2"},{"name":"btn3","parent":"btn3"},{"name":"btn4","parent":"btn4"},{"name":"btn5","parent":"btn5"},{"name":"人物3e_z","parent":"root"}],"skin":[{"slot":[{"name":"btn1","display":[{"type":"boundingBox","name":"btn1_boundingBox","subType":"polygon","vertices":[-48.58,-275.18,-48.58,-175.18,51.42,-175.18,51.42,-275.18]}]},{"name":"btn2","display":[{"type":"boundingBox","name":"btn2_boundingBox","subType":"polygon","vertices":[-48.58,-159.99,-48.58,-59.99,51.42,-59.99,51.42,-159.99]}]},{"name":"btn3","display":[{"type":"boundingBox","name":"btn3_boundingBox","subType":"polygon","vertices":[-50,-40.79,-50,59.21,50,59.21,50,-40.79]}]},{"name":"btn4","display":[{"type":"boundingBox","name":"btn3_boundingBox1","subType":"polygon","vertices":[-50,-51.88,-50,48.12,50,48.12,50,-51.88]}]},{"name":"btn5","display":[{"type":"boundingBox","name":"btn3_boundingBox11","subType":"polygon","vertices":[-50,-48.81,-50,51.19,50,51.19,50,-48.81]}]},{"name":"人物3e_z","display":[{"name":"人物3e_z","transform":{"x":2.94,"y":4.61}}]}]}],"animation":[{"duration":0,"playTimes":0,"name":"newAnimation"}],"defaultActions":[{"gotoAndPlay":"newAnimation"}]},{"type":"Armature","frameRate":24,"name":"sc3Ebtn_3","aabb":{"x":4.63,"y":4.96,"width":128,"height":654},"bone":[{"name":"root","transform":{"x":65.5457,"y":327.7251}},{"name":"btn4","parent":"root","transform":{"y":125.6087}},{"name":"btn5","parent":"root","transform":{"y":241.5902}},{"name":"btn3","parent":"root"},{"name":"btn2","parent":"root"},{"name":"btn1","parent":"root"}],"slot":[{"name":"btn1","parent":"btn1"},{"name":"btn2","parent":"btn2"},{"name":"btn3","parent":"btn3"},{"name":"btn4","parent":"btn4"},{"name":"btn5","parent":"btn5"},{"name":"人物3x_z","parent":"root"}],"skin":[{"slot":[{"name":"人物3x_z","display":[{"name":"人物3x_z","transform":{"x":3.08,"y":4.24}}]},{"name":"btn1","display":[{"type":"boundingBox","name":"btn1_boundingBox","subType":"polygon","vertices":[-45.74,-275.34,-45.74,-175.34,54.26,-175.34,54.26,-275.34]}]},{"name":"btn2","display":[{"type":"boundingBox","name":"btn2_boundingBox","subType":"polygon","vertices":[-50,-158.11,-50,-58.11,55.7,-58.11,55.7,-158.11]}]},{"name":"btn3","display":[{"type":"boundingBox","name":"btn3_boundingBox","subType":"polygon","vertices":[-45.74,-42.75,-45.74,58.65,54.26,58.65,54.26,-42.75]}]},{"name":"btn4","display":[{"type":"boundingBox","name":"btn3_boundingBox1","subType":"polygon","vertices":[-42.9,-51.03,-42.9,48.97,52.8,48.97,52.8,-51.03]}]},{"name":"btn5","display":[{"type":"boundingBox","name":"btn3_boundingBox11","subType":"polygon","vertices":[-40.06,-53.06,-40.06,46.94,49.99,46.94,49.99,-53.06]}]}]}],"animation":[{"duration":0,"playTimes":0,"name":"newAnimation"}],"defaultActions":[{"gotoAndPlay":"newAnimation"}]},{"type":"Armature","frameRate":24,"name":"sc3Ebtn_4","aabb":{"x":4.21,"y":5.44,"width":128,"height":654},"bone":[{"name":"root","transform":{"x":65.5457,"y":327.7251}},{"name":"btn4","parent":"root","transform":{"y":125.6087}},{"name":"btn5","parent":"root","transform":{"y":241.5902}},{"name":"btn3","parent":"root"},{"name":"btn2","parent":"root"},{"name":"btn1","parent":"root"}],"slot":[{"name":"btn1","parent":"btn1"},{"name":"btn2","parent":"btn2"},{"name":"btn3","parent":"btn3"},{"name":"btn4","parent":"btn4"},{"name":"btn5","parent":"btn5"},{"name":"人物3j_z","parent":"root"}],"skin":[{"slot":[{"name":"btn1","display":[{"type":"boundingBox","name":"btn1_boundingBox","subType":"polygon","vertices":[-45.74,-273.53,-45.74,-173.53,45.71,-173.53,45.71,-273.53]}]},{"name":"btn2","display":[{"type":"boundingBox","name":"btn2_boundingBox","subType":"polygon","vertices":[-41.48,-159.76,-41.48,-59.76,47.17,-59.76,47.17,-159.76]}]},{"name":"btn3","display":[{"type":"boundingBox","name":"btn3_boundingBox","subType":"polygon","vertices":[-40.06,-45.05,-40.06,54.95,45.64,56.4,45.64,-43.6]}]},{"name":"btn4","display":[{"type":"boundingBox","name":"btn3_boundingBox1","subType":"polygon","vertices":[-45.74,-53.06,-45.74,46.94,51.41,46.94,51.41,-53.06]}]},{"name":"btn5","display":[{"type":"boundingBox","name":"btn3_boundingBox11","subType":"polygon","vertices":[-41.48,-51.68,-41.48,48.32,47.12,48.32,47.12,-51.68]}]},{"name":"人物3j_z","display":[{"name":"人物3j_z","transform":{"x":2.67,"y":4.71}}]}]}],"animation":[{"duration":0,"playTimes":0,"name":"newAnimation"}],"defaultActions":[{"gotoAndPlay":"newAnimation"}]},{"type":"Armature","frameRate":24,"name":"sc4Ebtn_1","aabb":{"x":4.98,"y":6.36,"width":128,"height":654},"bone":[{"name":"root","transform":{"x":65.5457,"y":327.7251}},{"name":"btn4","parent":"root","transform":{"y":125.6087}},{"name":"btn5","parent":"root","transform":{"y":241.5902}},{"name":"btn3","parent":"root"},{"name":"btn2","parent":"root"},{"name":"btn1","parent":"root"}],"slot":[{"name":"btn1","parent":"btn1"},{"name":"btn2","parent":"btn2"},{"name":"btn3","parent":"btn3"},{"name":"btn4","parent":"btn4"},{"name":"btn5","parent":"btn5"},{"name":"人物4s_z","parent":"root"}],"skin":[{"slot":[{"name":"btn2","display":[{"type":"boundingBox","name":"btn2_boundingBox","subType":"polygon","vertices":[-45.26,-149.13,-45.26,-57.08,54.74,-57.08,54.74,-149.13]}]},{"name":"btn3","display":[{"type":"boundingBox","name":"btn3_boundingBox","subType":"polygon","vertices":[-45.26,-29.8,-45.26,46.4,54.74,46.4,54.74,-29.8]}]},{"name":"btn4","display":[{"type":"boundingBox","name":"btn3_boundingBox1","subType":"polygon","vertices":[-43.68,-36.53,-43.68,41.32,56.32,41.32,56.32,-36.53]}]},{"name":"btn5","display":[{"type":"boundingBox","name":"btn3_boundingBox11","subType":"polygon","vertices":[-45.26,-44.46,-45.26,42.89,54.74,42.89,54.74,-44.46]}]},{"name":"人物4s_z","display":[{"name":"人物4s_z","transform":{"x":3.43,"y":5.64}}]},{"name":"btn1","display":[{"type":"boundingBox","name":"btn1_boundingBox","subType":"polygon","vertices":[-45.26,-264.39,-45.26,-178.64,54.74,-178.64,54.74,-264.39]}]}]}],"animation":[{"duration":0,"playTimes":0,"name":"newAnimation"}],"defaultActions":[{"gotoAndPlay":"newAnimation"}]},{"type":"Armature","frameRate":24,"name":"sc4Ebtn_2","aabb":{"x":3.8,"y":6.13,"width":128,"height":654},"bone":[{"name":"root","transform":{"x":65.5457,"y":327.7251}},{"name":"btn4","parent":"root","transform":{"y":125.6087}},{"name":"btn5","parent":"root","transform":{"y":241.5902}},{"name":"btn3","parent":"root"},{"name":"btn2","parent":"root"},{"name":"btn1","parent":"root"}],"slot":[{"name":"btn1","parent":"btn1"},{"name":"btn2","parent":"btn2"},{"name":"btn3","parent":"btn3"},{"name":"btn4","parent":"btn4"},{"name":"btn5","parent":"btn5"},{"name":"人物4e_z","parent":"root"}],"skin":[{"slot":[{"name":"btn4","display":[{"type":"boundingBox","name":"btn3_boundingBox1","subType":"polygon","vertices":[-46.84,-52.36,-46.84,47.64,53.16,47.64,53.16,-52.36]}]},{"name":"btn5","display":[{"type":"boundingBox","name":"btn3_boundingBox11","subType":"polygon","vertices":[-48.42,-50.78,-48.42,49.22,51.58,49.22,51.58,-50.78]}]},{"name":"人物4e_z","display":[{"name":"人物4e_z","transform":{"x":2.26,"y":5.4}}]},{"name":"btn1","display":[{"type":"boundingBox","name":"btn1_boundingBox","subType":"polygon","vertices":[-48.42,-267.09,-48.42,-167.09,51.58,-167.09,51.58,-267.09]}]},{"name":"btn2","display":[{"type":"boundingBox","name":"btn2_boundingBox","subType":"polygon","vertices":[-48.42,-155.22,-48.42,-55.22,51.58,-55.22,51.58,-155.22]}]},{"name":"btn3","display":[{"type":"boundingBox","name":"btn3_boundingBox","subType":"polygon","vertices":[-48.42,-40.81,-48.42,59.19,51.58,59.19,51.58,-40.81]}]}]}],"animation":[{"duration":0,"playTimes":0,"name":"newAnimation"}],"defaultActions":[{"gotoAndPlay":"newAnimation"}]},{"type":"Armature","frameRate":24,"name":"sc4Ebtn_3","aabb":{"x":4.11,"y":4.8,"width":128,"height":654},"bone":[{"name":"root","transform":{"x":65.5457,"y":327.7251}},{"name":"btn4","parent":"root","transform":{"y":125.6087}},{"name":"btn5","parent":"root","transform":{"y":241.5902}},{"name":"btn3","parent":"root"},{"name":"btn2","parent":"root"},{"name":"btn1","parent":"root"}],"slot":[{"name":"btn1","parent":"btn1"},{"name":"btn2","parent":"btn2"},{"name":"btn3","parent":"btn3"},{"name":"btn4","parent":"btn4"},{"name":"btn5","parent":"btn5"},{"name":"人物4x_z","parent":"root"}],"skin":[{"slot":[{"name":"人物4x_z","display":[{"name":"人物4x_z","transform":{"x":2.56,"y":4.08}}]},{"name":"btn1","display":[{"type":"boundingBox","name":"btn1_boundingBox","subType":"polygon","vertices":[-42.1,-282.47,-42.1,-176.12,54.75,-176.12,54.75,-282.47]}]},{"name":"btn2","display":[{"type":"boundingBox","name":"btn2_boundingBox","subType":"polygon","vertices":[-42.12,-161.75,-42.12,-61.75,51.53,-61.75,51.53,-161.75]}]},{"name":"btn3","display":[{"type":"boundingBox","name":"btn3_boundingBox","subType":"polygon","vertices":[-43.68,-45.11,-40.48,58.04,53.17,56.44,49.97,-46.71]}]},{"name":"btn4","display":[{"type":"boundingBox","name":"btn3_boundingBox1","subType":"polygon","vertices":[-45.26,-55.83,-45.26,47.37,48.44,47.37,48.44,-55.83]}]},{"name":"btn5","display":[{"type":"boundingBox","name":"btn3_boundingBox11","subType":"polygon","vertices":[-37.36,-54.96,-37.36,48.24,43.64,48.24,43.64,-54.96]}]}]}],"animation":[{"duration":0,"playTimes":0,"name":"newAnimation"}],"defaultActions":[{"gotoAndPlay":"newAnimation"}]},{"type":"Armature","frameRate":24,"name":"sc4Ebtn_4","aabb":{"x":4.09,"y":6.39,"width":128,"height":654},"bone":[{"name":"root","transform":{"x":65.5457,"y":327.7251}},{"name":"btn4","parent":"root","transform":{"y":135.5087}},{"name":"btn5","parent":"root","transform":{"y":251.4902}},{"name":"btn3","parent":"root"},{"name":"btn2","parent":"root"},{"name":"btn1","parent":"root"}],"slot":[{"name":"btn1","parent":"btn1"},{"name":"btn2","parent":"btn2"},{"name":"btn3","parent":"btn3"},{"name":"btn4","parent":"btn4"},{"name":"btn5","parent":"btn5"},{"name":"人物4j_z","parent":"root"}],"skin":[{"slot":[{"name":"btn4","display":[{"type":"boundingBox","name":"btn3_boundingBox1","subType":"polygon","vertices":[-40.52,-56.82,-40.52,43.18,48.38,43.18,48.38,-56.82]}]},{"name":"btn5","display":[{"type":"boundingBox","name":"btn3_boundingBox11","subType":"polygon","vertices":[-43.68,-57.25,-43.68,42.75,46.82,42.75,46.82,-57.25]}]},{"name":"人物4j_z","display":[{"name":"人物4j_z","transform":{"x":2.55,"y":5.66}}]},{"name":"btn1","display":[{"type":"boundingBox","name":"btn1_boundingBox","subType":"polygon","vertices":[-45.26,-272.04,-45.26,-172.04,48.39,-172.04,48.39,-272.04]}]},{"name":"btn2","display":[{"type":"boundingBox","name":"btn2_boundingBox","subType":"polygon","vertices":[-46.84,-155.43,-46.84,-55.43,45.26,-57.03,45.26,-157.03]}]},{"name":"btn3","display":[{"type":"boundingBox","name":"btn3_boundingBox","subType":"polygon","vertices":[-43.68,-37.65,-43.68,62.35,45.27,60.75,45.27,-39.25]}]}]}],"animation":[{"duration":0,"playTimes":0,"name":"newAnimation"}],"defaultActions":[{"gotoAndPlay":"newAnimation"}]},{"type":"Armature","frameRate":24,"name":"sc4Renwu1","aabb":{"x":-375,"y":-812.49,"width":750,"height":1624},"bone":[{"name":"root","transform":{"y":23.36}},{"name":"xiangl1","parent":"root"},{"name":"xiangl2","parent":"root"},{"name":"xiangl3","parent":"root","transform":{"x":-1.56}},{"name":"xiangl4","parent":"root"},{"name":"xiangl5","parent":"root"},{"name":"ershi1","parent":"root"},{"name":"ershi2","parent":"root"},{"name":"ershi3","parent":"root"},{"name":"ershi5","parent":"root"},{"name":"shoul1","parent":"root"},{"name":"shoul2","parent":"root"},{"name":"shoul3","parent":"root"},{"name":"shoul4","parent":"root"},{"name":"shoul5","parent":"root"},{"name":"jiezhi1","parent":"root"},{"name":"jiezhi2","parent":"root"},{"name":"jiezhi3","parent":"root"},{"name":"jiezhi4","parent":"root"},{"name":"jiezhi5","parent":"root"},{"name":"ershi4","parent":"root"}],"slot":[{"name":"人物4","parent":"root"},{"name":"人物4e_1","parent":"ershi1"},{"name":"人物4e_2","parent":"ershi2"},{"name":"人物4e_3","parent":"ershi3"},{"name":"人物4e_4","parent":"ershi4"},{"name":"人物4e_5","parent":"ershi5"},{"name":"人物4j_1","parent":"jiezhi1"},{"name":"人物4j_2","parent":"jiezhi2"},{"name":"人物4j_3","parent":"jiezhi3"},{"name":"人物4j_4","parent":"jiezhi4"},{"name":"人物4j_5","parent":"jiezhi5"},{"name":"人物4s_1","parent":"shoul1"},{"name":"人物4s_2","parent":"shoul2"},{"name":"人物4s_3","parent":"shoul3"},{"name":"人物4s_4","parent":"shoul4"},{"name":"人物4s_5","parent":"shoul5"},{"name":"人物4x_1","parent":"xiangl1"},{"name":"人物4x_2","parent":"xiangl2"},{"name":"人物4x_3","parent":"xiangl3"},{"name":"人物4x_4","parent":"xiangl4"},{"name":"人物4x_5","parent":"xiangl5"}],"skin":[{"slot":[{"name":"人物4e_5","display":[{"name":"人物4e_5","transform":{"x":74.6,"y":-581.03}}]},{"name":"人物4s_4","display":[{"name":"人物4s_4","transform":{"x":252.13,"y":207.81,"skX":-14.88,"skY":-14.88}}]},{"name":"人物4j_1","display":[{"name":"人物4j_1","transform":{"x":175.87,"y":346.13}}]},{"name":"人物4j_2","display":[{"name":"人物4j_2","transform":{"x":170.45,"y":351.22}}]},{"name":"人物4","display":[{"name":"人物4","transform":{"y":-23.85}}]},{"name":"人物4j_4","display":[{"name":"人物4j_4","transform":{"x":175.49,"y":349.96}}]},{"name":"人物4x_2","display":[{"name":"人物4x_2","transform":{"x":63.38,"y":-402.68}}]},{"name":"人物4x_3","display":[{"name":"人物4x_3","transform":{"x":58.58,"y":-385.2}}]},{"name":"人物4s_1","display":[{"name":"人物4s_1","transform":{"x":250.15,"y":212.45,"skX":-14.88,"skY":-14.88}}]},{"name":"人物4e_3","display":[{"name":"人物4e_3","transform":{"x":75.6,"y":-578.8}}]},{"name":"人物4x_1","display":[{"name":"人物4x_1","transform":{"x":56.73,"y":-398}}]},{"name":"人物4s_3","display":[{"name":"人物4s_3","transform":{"x":251.17,"y":219.92,"skX":-14.88,"skY":-14.88}}]},{"name":"人物4e_2","display":[{"name":"人物4e_2","transform":{"x":74.67,"y":-586.02}}]},{"name":"人物4s_5","display":[{"name":"人物4s_5","transform":{"x":250.68,"y":213.79,"skX":-14.88,"skY":-14.88}}]},{"name":"人物4j_3","display":[{"name":"人物4j_3","transform":{"x":171.53,"y":346.71}}]},{"name":"人物4e_1","display":[{"name":"人物4e_1","transform":{"x":74.01,"y":-585.89}}]},{"name":"人物4j_5","display":[{"name":"人物4j_5","transform":{"x":167.74,"y":349.91}}]},{"name":"人物4e_4","display":[{"name":"人物4e_4","transform":{"x":73.99,"y":-582.72}}]},{"name":"人物4x_4","display":[{"name":"人物4x_4","transform":{"x":58.67,"y":-396.33}}]},{"name":"人物4s_2","display":[{"name":"人物4s_2","transform":{"x":252.1,"y":205.97,"skX":-14.88,"skY":-14.88}}]},{"name":"人物4x_5","display":[{"name":"人物4x_5","transform":{"x":61.83,"y":-378.87}}]}]}],"animation":[{"duration":0,"playTimes":0,"name":"renwubg"}],"defaultActions":[{"gotoAndPlay":"renwubg"}]},{"type":"Armature","frameRate":24,"name":"sc5Renwu1","aabb":{"x":-375,"y":-813.99,"width":750,"height":1624},"bone":[{"name":"root","transform":{"y":138.46}},{"name":"xiangl1","parent":"root","transform":{"x":51.9812,"y":38.4138}},{"name":"xiangl2","parent":"root","transform":{"x":51.9812,"y":38.4138}},{"name":"xiangl3","parent":"root","transform":{"x":50.4212,"y":38.4138}},{"name":"xiangl4","parent":"root","transform":{"x":51.9812,"y":38.4138}},{"name":"xiangl5","parent":"root","transform":{"x":51.9812,"y":38.4138}},{"name":"ershi1","parent":"root"},{"name":"ershi2","parent":"root"},{"name":"ershi3","parent":"root"},{"name":"ershi4","parent":"root"},{"name":"ershi5","parent":"root"},{"name":"shoul1","parent":"root"},{"name":"shoul2","parent":"root"},{"name":"shoul3","parent":"root"},{"name":"shoul4","parent":"root","transform":{"x":1025.8455,"y":47.5017}},{"name":"shoul5","parent":"root"},{"name":"jiezhi1","parent":"root"},{"name":"jiezhi2","parent":"root"},{"name":"jiezhi3","parent":"root"},{"name":"jiezhi4","parent":"root"},{"name":"jiezhi5","parent":"root"}],"slot":[{"name":"人物5","parent":"root"},{"name":"人物5e_1","parent":"ershi1"},{"name":"人物5e_2","parent":"ershi2"},{"name":"人物5e_3","parent":"ershi3"},{"name":"人物5e_4","parent":"ershi4"},{"name":"人物5e_5","parent":"ershi5"},{"name":"人物5j_1","parent":"jiezhi1"},{"name":"人物5j_2","parent":"jiezhi2"},{"name":"人物5j_3","parent":"jiezhi3"},{"name":"人物5j_4","parent":"jiezhi4"},{"name":"人物5j_5","parent":"jiezhi5"},{"name":"人物5s_1","parent":"shoul1"},{"name":"人物5s_2","parent":"shoul2"},{"name":"人物5s_3","parent":"shoul3"},{"name":"人物5s_4","parent":"shoul4"},{"name":"人物5s_5","parent":"shoul5"},{"name":"人物5x_1","parent":"xiangl1"},{"name":"人物5x_2","parent":"xiangl2"},{"name":"人物5x_3","parent":"xiangl3"},{"name":"人物5x_4","parent":"xiangl4"},{"name":"人物5x_5","parent":"xiangl5"}],"skin":[{"slot":[{"name":"人物5s_2","display":[{"name":"人物5s_2","transform":{"x":231,"y":-47.53}}]},{"name":"人物5x_5","display":[{"name":"人物5x_5","transform":{"x":-29.43,"y":-387.65}}]},{"name":"人物5e_5","display":[{"name":"人物5e_5","transform":{"x":67.95,"y":-553.31}}]},{"name":"人物5s_4","display":[{"name":"人物5s_4","transform":{"x":-797.07,"y":-92.87}}]},{"name":"人物5e_3","display":[{"name":"人物5e_3","transform":{"x":67.92,"y":-543.09}}]},{"name":"人物5x_1","display":[{"name":"人物5x_1","transform":{"x":-41.95,"y":-471.76}}]},{"name":"人物5j_4","display":[{"name":"人物5j_4","transform":{"x":177.71,"y":-11.09}}]},{"name":"人物5e_1","display":[{"name":"人物5e_1","transform":{"x":70.19,"y":-555.03,"skX":-134.9,"skY":-134.9}}]},{"name":"人物5e_2","display":[{"name":"人物5e_2","transform":{"x":69.46,"y":-553.05}}]},{"name":"人物5s_1","display":[{"name":"人物5s_1","transform":{"x":231.96,"y":-26.67}}]},{"name":"人物5e_4","display":[{"name":"人物5e_4","transform":{"x":69.05,"y":-543.48}}]},{"name":"人物5s_3","display":[{"name":"人物5s_3","transform":{"x":238.05,"y":-48.39}}]},{"name":"人物5j_1","display":[{"name":"人物5j_1","transform":{"x":170.92,"y":-8.61}}]},{"name":"人物5s_5","display":[{"name":"人物5s_5","transform":{"x":235.17,"y":-46.98}}]},{"name":"人物5j_2","display":[{"name":"人物5j_2","transform":{"x":174.3,"y":-10.81}}]},{"name":"人物5j_3","display":[{"name":"人物5j_3","transform":{"x":171.9,"y":-8.49}}]},{"name":"人物5","display":[{"name":"人物5","transform":{"y":-140.45}}]},{"name":"人物5x_2","display":[{"name":"人物5x_2","transform":{"x":-34.03,"y":-435.68}}]},{"name":"人物5j_5","display":[{"name":"人物5j_5","transform":{"x":169.78,"y":-8.18}}]},{"name":"人物5x_3","display":[{"name":"人物5x_3","transform":{"x":-28.28,"y":-390.39}}]},{"name":"人物5x_4","display":[{"name":"人物5x_4","transform":{"x":-33.51,"y":-396.45}}]}]}],"animation":[{"duration":0,"playTimes":0,"name":"renwubg"}],"defaultActions":[{"gotoAndPlay":"renwubg"}]},{"type":"Armature","frameRate":24,"name":"sc5Ebtn_1","aabb":{"x":3.45,"y":4.7,"width":128,"height":654},"bone":[{"name":"root","transform":{"x":65.5457,"y":327.7251}},{"name":"btn4","parent":"root","transform":{"y":125.6087}},{"name":"btn5","parent":"root","transform":{"y":241.5902}},{"name":"btn3","parent":"root"},{"name":"btn2","parent":"root"},{"name":"btn1","parent":"root"}],"slot":[{"name":"btn1","parent":"btn1"},{"name":"btn2","parent":"btn2"},{"name":"btn3","parent":"btn3"},{"name":"btn4","parent":"btn4"},{"name":"btn5","parent":"btn5"},{"name":"人物5s_z","parent":"root"}],"skin":[{"slot":[{"name":"btn1","display":[{"type":"boundingBox","name":"btn1_boundingBox","subType":"polygon","vertices":[-47.7,-265.51,-48.85,-180.56,54.6,-179.41,55.75,-264.36]}]},{"name":"btn2","display":[{"type":"boundingBox","name":"btn2_boundingBox","subType":"polygon","vertices":[-47.7,-155.5,-47.7,-55.5,52.3,-55.5,52.3,-155.5]}]},{"name":"btn3","display":[{"type":"boundingBox","name":"btn3_boundingBox","subType":"polygon","vertices":[-47.7,-39.37,-46.55,49.08,53.45,49.08,52.3,-39.37]}]},{"name":"btn4","display":[{"type":"boundingBox","name":"btn3_boundingBox1","subType":"polygon","vertices":[-47.7,-47.62,-46.55,43.13,55.75,41.98,54.6,-48.77]}]},{"name":"btn5","display":[{"type":"boundingBox","name":"btn3_boundingBox11","subType":"polygon","vertices":[-45.4,-47.62,-43.1,31.63,56.9,31.63,54.6,-47.62]}]},{"name":"人物5s_z","display":[{"name":"人物5s_z","transform":{"x":1.91,"y":3.98}}]}]}],"animation":[{"duration":0,"playTimes":0,"name":"newAnimation"}],"defaultActions":[{"gotoAndPlay":"newAnimation"}]},{"type":"Armature","frameRate":24,"name":"sc5Ebtn_2","aabb":{"x":3.41,"y":4.74,"width":128,"height":654},"bone":[{"name":"root","transform":{"x":65.5457,"y":327.7251}},{"name":"btn4","parent":"root","transform":{"y":125.6087}},{"name":"btn5","parent":"root","transform":{"y":241.5902}},{"name":"btn3","parent":"root"},{"name":"btn2","parent":"root"},{"name":"btn1","parent":"root"}],"slot":[{"name":"btn1","parent":"btn1"},{"name":"btn2","parent":"btn2"},{"name":"btn3","parent":"btn3"},{"name":"btn4","parent":"btn4"},{"name":"btn5","parent":"btn5"},{"name":"人物5e_z","parent":"root"}],"skin":[{"slot":[{"name":"人物5e_z","display":[{"name":"人物5e_z","transform":{"x":1.86,"y":4.02}}]},{"name":"btn1","display":[{"type":"boundingBox","name":"btn1_boundingBox","subType":"polygon","vertices":[-55,-258.55,-53.85,-173.65,57.45,-173.65,56.3,-258.55]}]},{"name":"btn2","display":[{"type":"boundingBox","name":"btn2_boundingBox","subType":"polygon","vertices":[-51.16,-148.9,-45.06,-65.8,57.24,-65.8,51.14,-148.9]}]},{"name":"btn3","display":[{"type":"boundingBox","name":"btn3_boundingBox","subType":"polygon","vertices":[-50,-36.78,-47.65,51.57,57.35,51.57,55,-36.78]}]},{"name":"btn4","display":[{"type":"boundingBox","name":"btn3_boundingBox1","subType":"polygon","vertices":[-50,-46.01,-50,45.84,50,45.84,50,-46.01]}]},{"name":"btn5","display":[{"type":"boundingBox","name":"btn3_boundingBox11","subType":"polygon","vertices":[-50,-39.5,-48.85,36.1,54.9,36.1,53.75,-39.5]}]}]}],"animation":[{"duration":0,"playTimes":0,"name":"newAnimation"}],"defaultActions":[{"gotoAndPlay":"newAnimation"}]},{"type":"Armature","frameRate":24,"name":"sc5Ebtn_3","aabb":{"x":4.62,"y":3.95,"width":128,"height":654},"bone":[{"name":"root","transform":{"x":65.5457,"y":327.7251}},{"name":"btn4","parent":"root","transform":{"y":125.6087}},{"name":"btn5","parent":"root","transform":{"y":241.5902}},{"name":"btn3","parent":"root"},{"name":"btn2","parent":"root"},{"name":"btn1","parent":"root"}],"slot":[{"name":"btn1","parent":"btn1"},{"name":"btn2","parent":"btn2"},{"name":"btn3","parent":"btn3"},{"name":"btn4","parent":"btn4"},{"name":"btn5","parent":"btn5"},{"name":"人物5x_z","parent":"root"}],"skin":[{"slot":[{"name":"btn1","display":[{"type":"boundingBox","name":"btn1_boundingBox","subType":"polygon","vertices":[-47.16,-280.06,-47.16,-171.91,52.84,-171.91,52.84,-280.06]}]},{"name":"btn2","display":[{"type":"boundingBox","name":"btn2_boundingBox","subType":"polygon","vertices":[-50,-160.95,-50,-56.7,58.55,-63.8,59.55,-162.7]}]},{"name":"btn3","display":[{"type":"boundingBox","name":"btn3_boundingBox","subType":"polygon","vertices":[-50,-47.99,-44.2,50.81,51.15,59.06,54.85,-45.94]}]},{"name":"btn4","display":[{"type":"boundingBox","name":"btn3_boundingBox1","subType":"polygon","vertices":[-47.16,-55.78,-34.26,48.72,37.69,48.72,52.84,-55.78]}]},{"name":"btn5","display":[{"type":"boundingBox","name":"btn3_boundingBox11","subType":"polygon","vertices":[-35.42,-56.98,-33.97,45.87,43.13,45.87,41.68,-56.98]}]},{"name":"人物5x_z","display":[{"name":"人物5x_z","transform":{"x":3.08,"y":3.22}}]}]}],"animation":[{"duration":0,"playTimes":0,"name":"newAnimation"}],"defaultActions":[{"gotoAndPlay":"newAnimation"}]},{"type":"Armature","frameRate":24,"name":"sc5Ebtn_4","aabb":{"x":2.76,"y":4.81,"width":128,"height":654},"bone":[{"name":"root","transform":{"x":65.5457,"y":327.7251}},{"name":"btn4","parent":"root","transform":{"y":135.5087}},{"name":"btn5","parent":"root","transform":{"y":251.4902}},{"name":"btn3","parent":"root"},{"name":"btn2","parent":"root"},{"name":"btn1","parent":"root"}],"slot":[{"name":"btn1","parent":"btn1"},{"name":"btn2","parent":"btn2"},{"name":"btn3","parent":"btn3"},{"name":"btn4","parent":"btn4"},{"name":"btn5","parent":"btn5"},{"name":"人物5j_z","parent":"root"}],"skin":[{"slot":[{"name":"btn2","display":[{"type":"boundingBox","name":"btn2_boundingBox","subType":"polygon","vertices":[-38.48,-156.73,-38.48,-56.73,48.97,-57.68,48.97,-157.68]}]},{"name":"btn3","display":[{"type":"boundingBox","name":"btn3_boundingBox","subType":"polygon","vertices":[-36.56,-37.99,-36.56,62.01,48.94,61.06,48.94,-38.94]}]},{"name":"btn4","display":[{"type":"boundingBox","name":"btn3_boundingBox1","subType":"polygon","vertices":[-39.44,-57.99,-39.44,42.01,48.06,42.06,48.06,-57.94]}]},{"name":"btn5","display":[{"type":"boundingBox","name":"btn3_boundingBox11","subType":"polygon","vertices":[-39.48,-55.63,-39.48,44.37,46.02,43.42,46.02,-56.58]}]},{"name":"人物5j_z","display":[{"name":"人物5j_z","transform":{"x":1.21,"y":4.09}}]},{"name":"btn1","display":[{"type":"boundingBox","name":"btn1_boundingBox","subType":"polygon","vertices":[-39.44,-273.34,-39.44,-173.34,47.06,-174.29,47.06,-274.29]}]}]}],"animation":[{"duration":0,"playTimes":0,"name":"newAnimation"}],"defaultActions":[{"gotoAndPlay":"newAnimation"}]},{"type":"Armature","frameRate":24,"name":"sc1Renwu1","aabb":{"x":-375,"y":-811.24,"width":750,"height":1624},"bone":[{"name":"root","transform":{"y":-20.44}},{"name":"xiangl1","parent":"root"},{"name":"xiangl2","parent":"root"},{"name":"xiangl3","parent":"root","transform":{"x":-1.56}},{"name":"xiangl4","parent":"root"},{"name":"xiangl5","parent":"root"},{"name":"ershi1","parent":"root"},{"name":"ershi2","parent":"root"},{"name":"ershi3","parent":"root"},{"name":"ershi5","parent":"root"},{"name":"shoul1","parent":"root"},{"name":"shoul2","parent":"root"},{"name":"shoul3","parent":"root"},{"name":"jiezhi3","parent":"root"},{"name":"shoul5","parent":"root"},{"name":"jiezhi1","parent":"root"},{"name":"jiezhi2","parent":"root"},{"name":"jiezhi5","parent":"root"},{"name":"jiezhi4","parent":"root"},{"name":"ershi4","parent":"root"},{"name":"shoul4","parent":"root","transform":{"y":21.2}}],"slot":[{"name":"人物11","parent":"root"},{"name":"人物1s_2","parent":"shoul2"},{"name":"人物1s_3","parent":"shoul3"},{"name":"人物1e_2","parent":"ershi2"},{"name":"人物1s_4","parent":"shoul4"},{"name":"人物1e_4","parent":"ershi4"},{"name":"人物1s_5","parent":"shoul5"},{"name":"人物1j_1","parent":"jiezhi1"},{"name":"人物1x_1","parent":"xiangl1"},{"name":"人物1j_3","parent":"jiezhi3"},{"name":"人物1x_2","parent":"xiangl2"},{"name":"人物1j_5","parent":"jiezhi5"},{"name":"人物1x_3","parent":"xiangl3"},{"name":"人物1e_1","parent":"ershi1"},{"name":"人物1x_4","parent":"xiangl4"},{"name":"人物1e_5","parent":"ershi5"},{"name":"人物1x_5","parent":"xiangl5"},{"name":"人物1j_4","parent":"jiezhi4"},{"name":"人物1e_3","parent":"ershi3"},{"name":"人物1s_1","parent":"shoul1"},{"name":"人物1j_2","parent":"jiezhi2"}],"skin":[{"slot":[{"name":"人物1s_1","display":[{"name":"人物1s_1","transform":{"x":234.89,"y":-114.09}}]},{"name":"人物1s_4","display":[{"name":"人物1s_4","transform":{"x":233.24,"y":-134.39}}]},{"name":"人物1j_3","display":[{"name":"人物1j_3","transform":{"x":118.91,"y":-200.22}}]},{"name":"人物1s_5","display":[{"name":"人物1s_5","transform":{"x":258.94,"y":-100.66}}]},{"name":"人物1j_5","display":[{"name":"人物1j_5","transform":{"x":121.16,"y":-200.91}}]},{"name":"人物1j_1","display":[{"name":"人物1j_1","transform":{"x":124.47,"y":-200.06}}]},{"name":"人物1j_2","display":[{"name":"人物1j_2","transform":{"x":123.8,"y":-200.66}}]},{"name":"人物1x_3","display":[{"name":"人物1x_3","transform":{"x":38.71,"y":-307.3}}]},{"name":"人物1s_2","display":[{"name":"人物1s_2","transform":{"x":252.5,"y":-101.31}}]},{"name":"人物1e_3","display":[{"name":"人物1e_3","transform":{"x":-87.92,"y":-456.19}}]},{"name":"人物1s_3","display":[{"name":"人物1s_3","transform":{"x":241.53,"y":-109.03}}]},{"name":"人物1e_2","display":[{"name":"人物1e_2","transform":{"x":-86.54,"y":-454.4}}]},{"name":"人物1x_1","display":[{"name":"人物1x_1","transform":{"x":29.43,"y":-331.72}}]},{"name":"人物1x_5","display":[{"name":"人物1x_5","transform":{"x":25.87,"y":-327.14}}]},{"name":"人物1e_4","display":[{"name":"人物1e_4","transform":{"x":-86.49,"y":-457.3}}]},{"name":"人物1x_2","display":[{"name":"人物1x_2","transform":{"x":36.38,"y":-312.69}}]},{"name":"人物1e_5","display":[{"name":"人物1e_5","transform":{"x":-85.96,"y":-441.45}}]},{"name":"人物11","display":[{"name":"人物1","transform":{"y":21.2}}]},{"name":"人物1j_4","display":[{"name":"人物1j_4","transform":{"x":123.41,"y":-201.33}}]},{"name":"人物1e_1","display":[{"name":"人物1e_1","transform":{"x":-86.01,"y":-445.75}}]},{"name":"人物1x_4","display":[{"name":"人物1x_4","transform":{"x":46.64,"y":-325.42}}]}]}],"animation":[{"duration":0,"playTimes":0,"name":"renwubg"}],"defaultActions":[{"gotoAndPlay":"renwubg"}]},{"type":"Armature","frameRate":24,"name":"sc1Ebtn_1","aabb":{"x":4.53,"y":5.06,"width":128,"height":654},"bone":[{"name":"root","transform":{"x":65.5457,"y":327.7251}},{"name":"btn4","parent":"root","transform":{"y":125.6087}},{"name":"btn5","parent":"root","transform":{"y":241.5902}},{"name":"btn3","parent":"root"},{"name":"btn2","parent":"root"},{"name":"btn1","parent":"root"}],"slot":[{"name":"人物1s_z","parent":"root"},{"name":"btn1","parent":"btn1"},{"name":"btn2","parent":"btn2"},{"name":"btn3","parent":"btn3"},{"name":"btn4","parent":"btn4"},{"name":"btn5","parent":"btn5"}],"skin":[{"slot":[{"name":"btn2","display":[{"type":"boundingBox","name":"btn2_boundingBox","subType":"polygon","vertices":[-47.76,-163.75,-47.76,-63.75,52.24,-63.75,52.24,-163.75]}]},{"name":"btn3","display":[{"type":"boundingBox","name":"btn3_boundingBox","subType":"polygon","vertices":[-46.64,-47.62,-46.64,52.38,53.36,52.38,53.36,-47.62]}]},{"name":"btn4","display":[{"type":"boundingBox","name":"btn3_boundingBox1","subType":"polygon","vertices":[-46.64,-47.62,-46.64,52.38,53.36,52.38,53.36,-47.62]}]},{"name":"btn5","display":[{"type":"boundingBox","name":"btn3_boundingBox11","subType":"polygon","vertices":[-44.4,-47.62,-44.4,52.38,55.6,52.38,55.6,-47.62]}]},{"name":"人物1s_z","display":[{"name":"人物1s_z","transform":{"x":2.98,"y":4.33,"skX":-0.32,"skY":-0.32}}]},{"name":"btn1","display":[{"type":"boundingBox","name":"btn1_boundingBox","subType":"polygon","vertices":[-47.76,-285.31,-47.76,-185.31,52.24,-185.31,52.24,-285.31]}]}]}],"animation":[{"duration":0,"playTimes":0,"name":"newAnimation"}],"defaultActions":[{"gotoAndPlay":"newAnimation"}]},{"type":"Armature","frameRate":24,"name":"sc1Ebtn_2","aabb":{"x":5.32,"y":3,"width":128,"height":654},"bone":[{"name":"root","transform":{"x":65.5457,"y":327.7251}},{"name":"btn4","parent":"root","transform":{"x":4.24,"y":125.6087}},{"name":"btn5","parent":"root","transform":{"y":241.5902}},{"name":"btn3","parent":"root"},{"name":"btn2","parent":"root"},{"name":"btn1","parent":"root"}],"slot":[{"name":"btn1","parent":"btn1"},{"name":"btn2","parent":"btn2"},{"name":"btn3","parent":"btn3"},{"name":"btn4","parent":"btn4"},{"name":"btn5","parent":"btn5"},{"name":"人物1e_z","parent":"root"}],"skin":[{"slot":[{"name":"btn5","display":[{"type":"boundingBox","name":"btn3_boundingBox11","subType":"polygon","vertices":[-44.7,-52.22,-44.7,47.78,55.3,47.78,55.3,-52.22]}]},{"name":"人物1e_z","display":[{"name":"人物1e_z","transform":{"x":3.77,"y":2.28}}]},{"name":"btn1","display":[{"type":"boundingBox","name":"btn1_boundingBox","subType":"polygon","vertices":[-50,-285.31,-50,-185.31,59.45,-185.31,59.45,-285.31]}]},{"name":"btn2","display":[{"type":"boundingBox","name":"btn2_boundingBox","subType":"polygon","vertices":[-47.88,-163.75,-47.88,-63.75,52.12,-63.75,52.12,-163.75]}]},{"name":"btn3","display":[{"type":"boundingBox","name":"btn3_boundingBox","subType":"polygon","vertices":[-45.76,-47.62,-45.76,52.38,54.24,52.38,54.24,-47.62]}]},{"name":"btn4","display":[{"type":"boundingBox","name":"btn3_boundingBox1","subType":"polygon","vertices":[-50,-55.67,-50,44.33,50,44.33,50,-55.67]}]}]}],"animation":[{"duration":0,"playTimes":0,"name":"newAnimation"}],"defaultActions":[{"gotoAndPlay":"newAnimation"}]},{"type":"Armature","frameRate":24,"name":"sc1Ebtn_3","aabb":{"x":4.51,"y":3.36,"width":152,"height":654},"bone":[{"name":"root","transform":{"x":65.5457,"y":327.7251}},{"name":"btn4","parent":"root","transform":{"y":125.6087}},{"name":"btn5","parent":"root","transform":{"y":241.5902}},{"name":"btn3","parent":"root"},{"name":"btn2","parent":"root"},{"name":"btn1","parent":"root"}],"slot":[{"name":"btn1","parent":"btn1"},{"name":"btn2","parent":"btn2"},{"name":"btn3","parent":"btn3"},{"name":"btn4","parent":"btn4"},{"name":"btn5","parent":"btn5"},{"name":"人物1x_z","parent":"root"}],"skin":[{"slot":[{"name":"btn1","display":[{"type":"boundingBox","name":"btn1_boundingBox","subType":"polygon","vertices":[-47.78,-278.45,-47.78,-178.45,52.22,-178.45,52.22,-278.45]}]},{"name":"btn2","display":[{"type":"boundingBox","name":"btn2_boundingBox","subType":"polygon","vertices":[-47.78,-164.86,-47.78,-64.86,52.22,-64.86,52.22,-164.86]}]},{"name":"btn3","display":[{"type":"boundingBox","name":"btn3_boundingBox","subType":"polygon","vertices":[-45.56,-44.21,-45.56,55.79,54.44,55.79,54.44,-44.21]}]},{"name":"btn4","display":[{"type":"boundingBox","name":"btn3_boundingBox1","subType":"polygon","vertices":[-46.67,-53.37,-46.67,46.63,53.33,46.63,53.33,-53.37]}]},{"name":"btn5","display":[{"type":"boundingBox","name":"btn3_boundingBox11","subType":"polygon","vertices":[-45.56,-55.71,-45.56,44.29,54.44,44.29,54.44,-55.71]}]},{"name":"人物1x_z","display":[{"name":"人物1x_z","transform":{"x":14.97,"y":2.63}}]}]}],"animation":[{"duration":0,"playTimes":0,"name":"newAnimation"}],"defaultActions":[{"gotoAndPlay":"newAnimation"}]},{"type":"Armature","frameRate":24,"name":"sc1Ebtn_4","aabb":{"x":2.81,"y":3.5,"width":128,"height":654},"bone":[{"name":"root","transform":{"x":65.5457,"y":327.7251}},{"name":"btn4","parent":"root","transform":{"y":125.6087}},{"name":"btn5","parent":"root","transform":{"y":241.5902}},{"name":"btn3","parent":"root"},{"name":"btn2","parent":"root"},{"name":"btn1","parent":"root"}],"slot":[{"name":"btn1","parent":"btn1"},{"name":"btn2","parent":"btn2"},{"name":"btn3","parent":"btn3"},{"name":"btn4","parent":"btn4"},{"name":"btn5","parent":"btn5"},{"name":"人物1j_z","parent":"root"}],"skin":[{"slot":[{"name":"btn5","display":[{"type":"boundingBox","name":"btn3_boundingBox11","subType":"polygon","vertices":[-48.96,-55.67,-48.96,44.33,51.04,44.33,51.04,-55.67]}]},{"name":"人物1j_z","display":[{"name":"人物1j_z","transform":{"x":1.27,"y":2.78}}]},{"name":"btn1","display":[{"type":"boundingBox","name":"btn1_boundingBox","subType":"polygon","vertices":[-50,-276.99,-50,-176.99,50,-176.99,50,-276.99]}]},{"name":"btn2","display":[{"type":"boundingBox","name":"btn2_boundingBox","subType":"polygon","vertices":[-48.96,-165.83,-48.96,-65.83,51.04,-65.83,51.04,-165.83]}]},{"name":"btn3","display":[{"type":"boundingBox","name":"btn3_boundingBox","subType":"polygon","vertices":[-50,-47.62,-50,52.38,50,52.38,50,-47.62]}]},{"name":"btn4","display":[{"type":"boundingBox","name":"btn3_boundingBox1","subType":"polygon","vertices":[-48.96,-56.82,-48.96,43.18,51.04,43.18,51.04,-56.82]}]}]}],"animation":[{"duration":0,"playTimes":0,"name":"newAnimation"}],"defaultActions":[{"gotoAndPlay":"newAnimation"}]},{"type":"Armature","frameRate":24,"name":"sc6Ebtn_1","aabb":{"x":-24.4,"y":-46.53,"width":192,"height":736},"bone":[{"name":"root","transform":{"x":67.2257,"y":327.7251}},{"name":"btn4","parent":"root","transform":{"y":125.6087}},{"name":"btn5","parent":"root","transform":{"y":241.5902}},{"name":"btn3","parent":"root"},{"name":"btn2","parent":"root"},{"name":"btn1","parent":"root"}],"slot":[{"name":"btn1","parent":"btn1"},{"name":"btn2","parent":"btn2"},{"name":"btn3","parent":"btn3"},{"name":"btn4","parent":"btn4"},{"name":"btn5","parent":"btn5"},{"name":"手链","parent":"root"}],"skin":[{"slot":[{"name":"手链","display":[{"name":"手链","transform":{"x":4.38,"y":-6.25},"path":"手链_1"}]},{"name":"btn1","display":[{"type":"boundingBox","name":"btn1_boundingBox","subType":"polygon","vertices":[-44.96,-277.75,-44.96,-177.75,55.04,-177.75,55.04,-277.75]}]},{"name":"btn2","display":[{"type":"boundingBox","name":"btn2_boundingBox","subType":"polygon","vertices":[-47.48,-156.19,-47.48,-56.19,52.52,-56.19,52.52,-156.19]}]},{"name":"btn3","display":[{"type":"boundingBox","name":"btn3_boundingBox","subType":"polygon","vertices":[-50,-40.06,-50,59.94,50,59.94,50,-40.06]}]},{"name":"btn4","display":[{"type":"boundingBox","name":"btn3_boundingBox1","subType":"polygon","vertices":[-47.48,-45.1,-47.48,54.9,52.52,54.9,52.52,-45.1]}]},{"name":"btn5","display":[{"type":"boundingBox","name":"btn3_boundingBox11","subType":"polygon","vertices":[-47.48,-45.94,-47.48,54.06,52.52,54.06,52.52,-45.94]}]}]}],"animation":[{"duration":0,"playTimes":0,"name":"newAnimation"}],"defaultActions":[{"gotoAndPlay":"newAnimation"}]},{"type":"Armature","frameRate":24,"name":"sc6Ebtn_2","aabb":{"x":-23.57,"y":-31.96,"width":192,"height":736},"bone":[{"name":"root","transform":{"x":70.5857,"y":327.7251}},{"name":"btn4","parent":"root","transform":{"y":125.6087}},{"name":"btn5","parent":"root","transform":{"y":241.5902}},{"name":"btn3","parent":"root"},{"name":"btn2","parent":"root"},{"name":"btn1","parent":"root"}],"slot":[{"name":"btn1","parent":"btn1"},{"name":"btn2","parent":"btn2"},{"name":"btn3","parent":"btn3"},{"name":"btn4","parent":"btn4"},{"name":"btn5","parent":"btn5"},{"name":"耳饰","parent":"root"}],"skin":[{"slot":[{"name":"btn1","display":[{"type":"boundingBox","name":"btn1_boundingBox","subType":"polygon","vertices":[-52.52,-280.27,-52.52,-180.27,57.58,-180.27,57.58,-280.27]}]},{"name":"btn2","display":[{"type":"boundingBox","name":"btn2_boundingBox","subType":"polygon","vertices":[-50,-163.75,-50,-63.75,50,-63.75,50,-163.75]}]},{"name":"btn3","display":[{"type":"boundingBox","name":"btn3_boundingBox","subType":"polygon","vertices":[-47.48,-42.58,-47.48,57.42,52.52,57.42,52.52,-42.58]}]},{"name":"btn4","display":[{"type":"boundingBox","name":"btn3_boundingBox1","subType":"polygon","vertices":[-50,-50.14,-50,49.86,50,49.86,50,-50.14]}]},{"name":"btn5","display":[{"type":"boundingBox","name":"btn3_boundingBox11","subType":"polygon","vertices":[-50,-46.78,-50,53.22,50,53.22,50,-46.78]}]},{"name":"耳饰","display":[{"name":"耳饰","transform":{"x":1.84,"y":8.32},"path":"耳饰_1"}]}]}],"animation":[{"duration":0,"playTimes":0,"name":"newAnimation"}],"defaultActions":[{"gotoAndPlay":"newAnimation"}]},{"type":"Armature","frameRate":24,"name":"sc6Ebtn_3","aabb":{"x":-27.14,"y":-21.79,"width":192,"height":736},"bone":[{"name":"root","transform":{"x":65.5457,"y":327.7251}},{"name":"btn4","parent":"root","transform":{"y":125.6087}},{"name":"btn5","parent":"root","transform":{"y":241.5902}},{"name":"btn3","parent":"root"},{"name":"btn2","parent":"root"},{"name":"btn1","parent":"root"}],"slot":[{"name":"btn1","parent":"btn1"},{"name":"btn2","parent":"btn2"},{"name":"btn3","parent":"btn3"},{"name":"btn4","parent":"btn4"},{"name":"btn5","parent":"btn5"},{"name":"项链","parent":"root"}],"skin":[{"slot":[{"name":"btn2","display":[{"type":"boundingBox","name":"btn2_boundingBox","subType":"polygon","vertices":[-42.44,-158.71,-42.44,-58.71,57.56,-58.71,57.56,-158.71]}]},{"name":"项链","display":[{"name":"项链","transform":{"x":3.32,"y":18.48},"path":"项链_1"}]},{"name":"btn3","display":[{"type":"boundingBox","name":"btn3_boundingBox","subType":"polygon","vertices":[-42.44,-40.28,-42.44,59.72,57.56,59.72,57.56,-40.28]}]},{"name":"btn4","display":[{"type":"boundingBox","name":"btn3_boundingBox1","subType":"polygon","vertices":[-42.44,-45.81,-42.44,54.19,57.56,54.19,57.56,-45.81]}]},{"name":"btn5","display":[{"type":"boundingBox","name":"btn3_boundingBox11","subType":"polygon","vertices":[-44.96,-46.74,-44.96,53.26,55.04,53.26,55.04,-46.74]}]},{"name":"btn1","display":[{"type":"boundingBox","name":"btn1_boundingBox","subType":"polygon","vertices":[-44.96,-272,-44.96,-172,55.04,-172,55.04,-272]}]}]}],"animation":[{"duration":0,"playTimes":0,"name":"newAnimation"}],"defaultActions":[{"gotoAndPlay":"newAnimation"}]},{"type":"Armature","frameRate":24,"name":"sc6Ebtn_4","aabb":{"x":-25.88,"y":-29.35,"width":192,"height":736},"bone":[{"name":"root","transform":{"x":74.3057,"y":339.4051}},{"name":"btn4","parent":"root","transform":{"y":125.6087}},{"name":"btn5","parent":"root","transform":{"y":241.5902}},{"name":"btn3","parent":"root"},{"name":"btn2","parent":"root"},{"name":"btn1","parent":"root"}],"slot":[{"name":"btn1","parent":"btn1"},{"name":"btn2","parent":"btn2"},{"name":"btn3","parent":"btn3"},{"name":"btn4","parent":"btn4"},{"name":"btn5","parent":"btn5"},{"name":"戒指","parent":"root"}],"skin":[{"slot":[{"name":"btn4","display":[{"type":"boundingBox","name":"btn3_boundingBox1","subType":"polygon","vertices":[-50,-59.34,-50,40.66,50,40.66,50,-59.34]}]},{"name":"btn5","display":[{"type":"boundingBox","name":"btn3_boundingBox11","subType":"polygon","vertices":[-50,-55.67,-50,44.33,50,44.33,50,-55.67]}]},{"name":"戒指","display":[{"name":"戒指","transform":{"x":-4.19,"y":-0.75},"path":"戒指_1"}]},{"name":"btn1","display":[{"type":"boundingBox","name":"btn1_boundingBox","subType":"polygon","vertices":[-50,-282.79,-50,-182.79,50,-182.79,50,-282.79]}]},{"name":"btn2","display":[{"type":"boundingBox","name":"btn2_boundingBox","subType":"polygon","vertices":[-50,-166.27,-50,-66.27,50,-66.27,50,-166.27]}]},{"name":"btn3","display":[{"type":"boundingBox","name":"btn3_boundingBox","subType":"polygon","vertices":[-50,-52.66,-50,47.34,50,47.34,50,-52.66]}]}]}],"animation":[{"duration":0,"playTimes":0,"name":"newAnimation"}],"defaultActions":[{"gotoAndPlay":"newAnimation"}]},{"type":"Armature","frameRate":24,"name":"sc6Renwu1","aabb":{"x":-375,"y":-812,"width":750,"height":1624},"bone":[{"name":"root"},{"name":"xiangl1","parent":"root"},{"name":"xiangl2","parent":"root"},{"name":"xiangl3","parent":"root","transform":{"x":-1.56}},{"name":"xiangl4","parent":"root"},{"name":"xiangl5","parent":"root"},{"name":"shoul1","parent":"root"},{"name":"shoul2","parent":"root"},{"name":"shoul3","parent":"root"},{"name":"shoul4","parent":"root"},{"name":"shoul5","parent":"root"},{"name":"jiezhi1","parent":"root"},{"name":"jiezhi2","parent":"root"},{"name":"jiezhi3","parent":"root"},{"name":"jiezhi4","parent":"root"},{"name":"jiezhi5","parent":"root"},{"name":"ershi1","parent":"root"},{"name":"ershi3","parent":"root"},{"name":"ershi4","parent":"root"},{"name":"ershi5","parent":"root"},{"name":"ershi2","parent":"root"}],"slot":[{"name":"bg","parent":"root"},{"name":"1","parent":"xiangl1"},{"name":"2","parent":"xiangl2"},{"name":"3","parent":"xiangl3"},{"name":"4","parent":"xiangl4"},{"name":"5","parent":"xiangl5"},{"name":"s1","parent":"shoul1"},{"name":"s2","parent":"shoul2"},{"name":"s3","parent":"shoul3"},{"name":"s4","parent":"shoul4"},{"name":"s5","parent":"shoul5"},{"name":"j1","parent":"jiezhi1"},{"name":"j11","parent":"jiezhi2"},{"name":"j111","parent":"jiezhi3"},{"name":"j1111","parent":"jiezhi4"},{"name":"j11111","parent":"jiezhi5"},{"name":"e1","parent":"ershi1"},{"name":"e11","parent":"ershi2"},{"name":"e111","parent":"ershi3"},{"name":"e1111","parent":"ershi4"},{"name":"e11111","parent":"ershi5"}],"skin":[{"slot":[{"name":"e111","display":[{"name":"5","transform":{"x":-0.55,"y":-385.62},"path":"e3"}]},{"name":"s1","display":[{"name":"5","transform":{"x":277.01,"y":239.74},"path":"s1"}]},{"name":"j111","display":[{"name":"5","transform":{"x":172.75,"y":221.82},"path":"j3"}]},{"name":"4","display":[{"name":"4","transform":{"x":79.04,"y":-289.4}}]},{"name":"j1","display":[{"name":"5","transform":{"x":172.75,"y":222.61},"path":"j1"}]},{"name":"e11111","display":[{"name":"5","transform":{"x":-0.55,"y":-385.62},"path":"e5"}]},{"name":"2","display":[{"name":"2","transform":{"x":79.04,"y":-290.73}}]},{"name":"s4","display":[{"name":"5","transform":{"x":274.72,"y":242.09},"path":"s4"}]},{"name":"e1","display":[{"name":"5","transform":{"x":-0.55,"y":-385.62},"path":"e1"}]},{"name":"s2","display":[{"name":"5","transform":{"x":277.01,"y":239.74},"path":"s2"}]},{"name":"j11111","display":[{"name":"5","transform":{"x":172.75,"y":221.82},"path":"j5"}]},{"name":"5","display":[{"name":"5","transform":{"x":83.57,"y":-288.91}}]},{"name":"j1111","display":[{"name":"5","transform":{"x":172.75,"y":221.82},"path":"j4"}]},{"name":"j11","display":[{"name":"5","transform":{"x":172.75,"y":221.82},"path":"j2"}]},{"name":"e1111","display":[{"name":"5","transform":{"x":-0.55,"y":-385.62},"path":"e4"}]},{"name":"3","display":[{"name":"3","transform":{"x":81.07,"y":-288.48}}]},{"name":"s5","display":[{"name":"5","transform":{"x":273.57,"y":242.09},"path":"s5"}]},{"name":"e11","display":[{"name":"5","transform":{"x":-0.55,"y":-385.62},"path":"e2"}]},{"name":"1","display":[{"name":"1","transform":{"x":78.36,"y":-289.32}}]},{"name":"s3","display":[{"name":"5","transform":{"x":274.72,"y":242.09},"path":"s3"}]},{"name":"bg","display":[{"name":"人物"}]}]}],"animation":[{"duration":0,"playTimes":0,"name":"renwubg"}],"defaultActions":[{"gotoAndPlay":"renwubg"}]}]}